Gene,TCGA-AF-2687-01A-02D-1734-05,TCGA-AF-2690-01A-02D-1734-05,TCGA-AF-2693-01A-02D-1734-05,TCGA-AF-3911-01A-01D-1734-05,TCGA-AF-4110-01A-02D-1734-05,TCGA-AF-6136-01A-11D-1828-05,TCGA-AF-6655-01A-11D-1828-05,TCGA-AF-6672-01A-11D-1828-05,TCGA-AF-A56K-01A-32D-A39G-05,TCGA-AF-A56L-01A-31D-A39G-05,TCGA-AF-A56N-01A-12D-A39G-05,TCGA-AG-3591-01A-01D-1734-05,TCGA-AG-3592-01A-02D-1734-05,TCGA-AG-3725-01A-11D-1734-05,TCGA-AG-3731-01A-11D-1734-05,TCGA-AG-3732-01A-11D-1658-05,TCGA-AG-3742-01A-11D-1658-05,TCGA-AG-4021-01A-01D-1734-05,TCGA-AG-4022-01A-01D-1734-05,TCGA-AG-A01W-01A-21D-A081-05,TCGA-AG-A01Y-01A-41D-A081-05,TCGA-AG-A020-01A-21D-A081-05,TCGA-AG-A026-01A-32D-A081-05,TCGA-AG-A02N-01A-11D-A081-05,TCGA-AG-A036-01A-12D-A081-05,TCGA-AH-6544-01A-11D-1828-05,TCGA-AH-6547-01A-11D-1828-05,TCGA-AH-6549-01A-11D-1828-05,TCGA-AH-6643-01A-11D-1828-05,TCGA-AH-6644-01A-21D-1828-05,TCGA-AH-6897-01A-11D-1926-05,TCGA-AH-6903-01A-11D-1926-05,TCGA-BM-6198-01A-11D-1734-05,TCGA-CI-6619-01B-11D-1828-05,TCGA-CI-6620-01A-11D-1828-05,TCGA-CI-6621-01A-11D-1828-05,TCGA-CI-6622-01A-11D-1828-05,TCGA-CI-6623-01B-11D-1828-05,TCGA-CI-6624-01C-11D-1828-05,TCGA-CL-4957-01A-01D-1734-05,TCGA-CL-5917-01A-11D-1658-05,TCGA-CL-5918-01A-11D-1658-05,TCGA-DC-4745-01A-01D-1734-05,TCGA-DC-4749-01A-01D-1734-05,TCGA-DC-5337-01A-01D-1658-05,TCGA-DC-5869-01A-01D-1658-05,TCGA-DC-6154-01A-31D-1926-05,TCGA-DC-6155-01A-11D-1658-05,TCGA-DC-6156-01A-11D-1658-05,TCGA-DC-6157-01A-11D-1658-05,TCGA-DC-6158-01A-11D-1658-05,TCGA-DC-6160-01A-11D-1658-05,TCGA-DC-6681-01A-11D-1828-05,TCGA-DC-6682-01A-11D-1828-05,TCGA-DC-6683-01A-11D-1828-05,TCGA-DT-5265-01A-21D-1828-05,TCGA-DY-A0XA-01A-11D-A153-05,TCGA-DY-A1DC-01A-31D-A153-05,TCGA-DY-A1DD-01A-21D-A153-05,TCGA-DY-A1DE-01A-11D-A153-05,TCGA-DY-A1DF-01A-11D-A153-05,TCGA-DY-A1DG-01A-11D-A153-05,TCGA-DY-A1H8-01A-21D-A153-05,TCGA-EF-5830-01A-01D-1658-05,TCGA-EF-5831-01A-01D-1658-05,TCGA-EI-6506-01A-11D-1734-05,TCGA-EI-6507-01A-11D-1734-05,TCGA-EI-6508-01A-11D-1734-05,TCGA-EI-6509-01A-11D-1734-05,TCGA-EI-6510-01A-11D-1734-05,TCGA-EI-6511-01A-11D-1734-05,TCGA-EI-6512-01A-11D-1734-05,TCGA-EI-6513-01A-21D-1734-05,TCGA-EI-6514-01A-11D-1734-05,TCGA-EI-6881-01A-11D-1926-05,TCGA-EI-6882-01A-11D-1926-05,TCGA-EI-6883-01A-31D-1926-05,TCGA-EI-6884-01A-11D-1926-05,TCGA-EI-6885-01A-11D-1926-05,TCGA-EI-6917-01A-11D-1926-05,TCGA-EI-7002-01A-11D-1926-05,TCGA-EI-7004-01A-11D-1926-05,TCGA-F5-6464-01A-11D-1734-05,TCGA-F5-6465-01A-11D-1734-05,TCGA-F5-6571-01A-12D-1828-05,TCGA-F5-6702-01A-11D-1828-05,TCGA-F5-6810-01A-11D-1828-05,TCGA-F5-6811-01A-11D-1828-05,TCGA-F5-6812-01A-11D-1828-05,TCGA-F5-6813-01A-11D-1828-05,TCGA-F5-6814-01A-31D-1926-05,TCGA-F5-6861-01A-11D-1926-05,TCGA-F5-6863-01A-11D-1926-05,TCGA-F5-6864-01A-11D-1926-05,TCGA-G5-6233-01A-11D-1734-05,TCGA-G5-6235-01A-11D-1734-05,TCGA-G5-6572-01A-11D-1828-05,TCGA-G5-6572-02A-12D-1828-05,TCGA-G5-6641-01A-11D-1828-05
APOE,0.191846595,0.16667382,0.128988324,0.116436868,0.14485393,0.149833772,0.136141842,0.134862446,0.107108991,0.225336824,0.110404768,0.111083642,0.109406806,0.089272718,0.172394285,0.157020566,0.183952298,0.171331852,0.115394045,0.128915919,0.108348654,0.116448266,0.102183226,0.106074798,0.141635168,0.146186988,0.222579652,0.134903619,0.173046011,0.120242011,0.111247005,0.147816768,0.181837542,0.21874139,0.15273351,0.172310276,0.140147652,0.154579546,0.170647996,0.102662118,0.121895213,0.144776044,0.114495707,0.086108372,0.151618624,0.163741502,0.102195928,0.153499618,0.182989964,0.132368644,0.142065972,0.149380097,0.189316943,0.173117828,0.133126735,0.233269837,0.12979688,0.115463804,0.093606052,0.11531624,0.066920619,0.092063381,0.183963584,0.182679205,0.253563922,0.217461899,0.177784923,0.092683605,0.085051203,0.196770849,0.172663935,0.166246307,0.091940366,0.110559183,0.150531778,0.192236453,0.22111435,0.18102821,0.144940439,0.348807692,0.116673868,0.216085242,0.156061598,0.13614086,0.136054422,0.204364393,0.119833619,0.132109443,0.191939603,0.165997108,0.156996617,0.181512413,0.11597339,0.16943051,0.18044501,0.162819353,0.144636336,0.170827093,0.178582225
CADM4,0.173081103,0.167734973,0.168306291,0.178742156,0.162923318,0.155410853,0.169980364,0.14809583,0.172358107,0.193535288,0.188846392,0.167202717,0.149984978,0.159095197,0.137024091,0.143219701,0.166502735,0.164438337,0.170183786,0.175901001,0.192584073,0.18029137,0.180288894,0.162986978,0.192538868,0.175534215,0.183509551,0.160220698,0.18393522,0.168333444,0.171816612,0.169163379,0.160867887,0.180248844,0.179537125,0.180952732,0.169389118,0.172004735,0.171948679,0.161765996,0.171783831,0.155201994,0.174659384,0.159236221,0.174747706,0.196679179,0.168473622,0.166411251,0.178588338,0.173534654,0.176047844,0.168664614,0.174382801,0.170168076,0.124327483,0.170040208,0.217801139,0.16508029,0.168675674,0.173404818,0.172374673,0.166168179,0.17312978,0.188433659,0.160683646,0.166902145,0.187153613,0.158600553,0.155880716,0.173587635,0.176703147,0.147848017,0.162183118,0.1647918,0.172045712,0.13277936,0.18772371,0.138470122,0.166256232,0.174130681,0.173627517,0.152005518,0.168293536,0.163381235,0.159134364,0.204305012,0.16986449,0.17448953,0.168932468,0.188901663,0.18919186,0.17826107,0.1734869,0.169681214,0.180754292,0.164005883,0.171026226,0.186203643,0.184202529
CALCA,0.276135031,0.345141292,0.163475813,0.164582247,0.1902814,0.169388888,0.221250899,0.155955803,0.165753702,0.380673628,0.248450676,0.201674122,0.352797251,0.17215127,0.265121839,0.392804637,0.445076716,0.285214764,0.30329987,0.242217763,0.340925219,0.246506595,0.303585203,0.293354146,0.192118491,0.205556381,0.271831495,0.417139123,0.221030466,0.361850513,0.600451348,0.169038818,0.33275575,0.222479428,0.230126855,0.295597044,0.245607291,0.178446579,0.189634263,0.171682463,0.330829953,0.341559273,0.191974771,0.149816916,0.284275547,0.287824909,0.175481108,0.213588209,0.226255911,0.281782965,0.220507609,0.163039049,0.322981251,0.400899783,0.24634594,0.478299333,0.200818596,0.308637547,0.205347873,0.249398749,0.24156985,0.138341571,0.313363673,0.312642633,0.293644546,0.17867341,0.375198426,0.322927434,0.124331419,0.193205725,0.332300411,0.26874722,0.150358952,0.243485109,0.349248121,0.219432381,0.230139282,0.205595083,0.179736174,0.415337677,0.199591782,0.258523562,0.284270458,0.17496098,0.305815062,0.21777365,0.474839465,0.182017788,0.220095513,0.216308023,0.411431879,0.260620374,0.201508797,0.289514835,0.414037725,0.173783931,0.151044484,0.22185248,0.441563356
CD59,0.291273169,0.293014987,0.317049462,0.312948854,0.329134555,0.290031981,0.285734053,0.297205166,0.28472303,0.303368445,0.295718038,0.251219249,0.298615288,0.288231993,0.30448123,0.257690136,0.33864599,0.266213681,0.303916941,0.326189721,0.325341357,0.316799517,0.335417101,0.327417416,0.31919194,0.300887359,0.321932665,0.32049055,0.297048321,0.290499095,0.343443562,0.331477344,0.251622468,0.317474409,0.267355026,0.310269516,0.330031638,0.287409469,0.306037152,0.301582918,0.297410894,0.313223282,0.313956423,0.30302585,0.320671211,0.320406717,0.327354956,0.296441031,0.305079913,0.32337463,0.314118375,0.31071313,0.292505843,0.308076443,0.303057711,0.275938836,0.317636424,0.30734329,0.325195873,0.332261874,0.327648507,0.334395581,0.342191764,0.335493926,0.345112492,0.319461791,0.297161807,0.307740782,0.290736599,0.325434757,0.324110876,0.296516927,0.269248158,0.314419872,0.337543665,0.309743951,0.345819238,0.323423828,0.318072973,0.353281983,0.334031504,0.274265495,0.277577922,0.286844503,0.304997024,0.292671229,0.332793966,0.309436421,0.312845103,0.336771331,0.323995702,0.312499629,0.3171484,0.335649213,0.302517088,0.308740221,0.311031972,0.297576911,0.324172328
CDKN3,0.120481958,0.113038443,0.10667593,0.117001821,0.1092905,0.107284864,0.124415357,0.108427419,0.115615112,0.11484542,0.125612434,0.102388783,0.11328515,0.096006373,0.113159851,0.120546814,0.123660731,0.102664956,0.117675526,0.116343347,0.113696514,0.126417725,0.116102487,0.113699254,0.129982732,0.132328196,0.120903973,0.117186947,0.116119556,0.119556706,0.105564173,0.1165342,0.123824997,0.129411595,0.125318082,0.117424556,0.112865376,0.126281354,0.127926277,0.114070484,0.11717667,0.125363777,0.101954248,0.119503254,0.120829007,0.129718206,0.119183974,0.120679035,0.129111546,0.122132653,0.14390074,0.111791548,0.123472144,0.120458546,0.126806741,0.120858077,0.115304488,0.122452491,0.113758234,0.119751611,0.105943814,0.116784337,0.108469015,0.110674126,0.113584986,0.119688398,0.120617365,0.11622308,0.103710167,0.108380717,0.110596301,0.103588007,0.113836248,0.117014681,0.1189479,0.11958998,0.108255597,0.123743093,0.114561728,0.135884169,0.112975161,0.132637408,0.125629378,0.115310058,0.132919276,0.128122567,0.127419561,0.125002583,0.134291177,0.116479276,0.120329539,0.131246936,0.123415693,0.120773506,0.10205957,0.120211791,0.117660135,0.138426944,0.117821524
CDX1,0.487138639,0.483317406,0.323715245,0.306953815,0.367569173,0.38677707,0.398836049,0.260734988,0.412848779,0.360902634,0.319698595,0.210967056,0.295765696,0.247367344,0.450140574,0.451957042,0.345029611,0.39433168,0.37664784,0.337451893,0.362071589,0.231756041,0.201240648,0.22670229,0.392070257,0.345562079,0.535484612,0.339239681,0.363298323,0.386975042,0.228237254,0.353623275,0.492631267,0.419237736,0.469828109,0.354983918,0.307232426,0.414474506,0.489037718,0.329682085,0.334944119,0.333849122,0.261204465,0.316042788,0.396770187,0.430496569,0.254557389,0.445542028,0.504674746,0.366007241,0.480464353,0.370301953,0.466904454,0.42243834,0.387049475,0.435689773,0.319145693,0.376777149,0.295790602,0.300620626,0.17618197,0.145307993,0.18053383,0.327708065,0.390048989,0.368314368,0.43642209,0.337939167,0.259497293,0.306026044,0.372070535,0.309137969,0.326654684,0.321320726,0.340233063,0.317328894,0.292169527,0.415033011,0.411166671,0.493452475,0.283418843,0.508134468,0.469832494,0.453310135,0.382846846,0.651062016,0.43235599,0.38855621,0.487281429,0.40566575,0.396226294,0.468959052,0.366549462,0.468270074,0.300881846,0.329611696,0.397702086,0.587664852,0.413101335
CHRNB4,0.202167003,0.301111613,0.255880775,0.289787149,0.285363726,0.288138474,0.186880714,0.228140162,0.293216029,0.351341246,0.243692976,0.294109827,0.237461077,0.098310818,0.28152358,0.194058989,0.26018239,0.258488676,0.308910165,0.298773415,0.158423632,0.297893143,0.355690949,0.241930875,0.248480648,0.357060882,0.350509152,0.27655933,0.238471901,0.28151787,0.168839044,0.33768003,0.322496241,0.250618016,0.191747657,0.336887489,0.31484109,0.267924843,0.244692701,0.342020673,0.294305809,0.32548654,0.344066292,0.1827367,0.317764575,0.273525268,0.172728376,0.26267282,0.255392114,0.315109297,0.232318088,0.220290363,0.322823106,0.322237659,0.244123573,0.501145439,0.384243147,0.327111105,0.313230841,0.223845885,0.244774845,0.158230829,0.311913012,0.264481682,0.319900624,0.323382456,0.315151363,0.303760789,0.117717965,0.267021974,0.311964215,0.283604285,0.149637134,0.220436212,0.317704703,0.30721307,0.40740347,0.313644087,0.346744752,0.485001415,0.179195603,0.268820437,0.300543979,0.282666605,0.330624306,0.232748848,0.176164783,0.323923812,0.308637679,0.348459035,0.265560815,0.391884583,0.316308647,0.310829212,0.319548664,0.268691994,0.355046624,0.381261831,0.31021144
CKAP4,0.099921491,0.104862382,0.061357598,0.114562051,0.103399997,0.082362498,0.067760063,0.054579547,0.1132504,0.133819691,0.053468341,0.033260855,0.109806359,0.036088829,0.075334415,0.058435767,0.090203002,0.037563275,0.088291643,0.055085873,0.11653576,0.052973835,0.117444381,0.042447881,0.074047726,0.065468388,0.097013918,0.109140659,0.055756181,0.074698845,0.13336956,0.058143154,0.085198255,0.104103088,0.063314703,0.104330793,0.068249091,0.087986732,0.092387459,0.086135416,0.071770716,0.076041352,0.10061927,0.076350031,0.060937724,0.132089985,0.144576467,0.058801401,0.126489573,0.113036475,0.105951565,0.099674683,0.065428566,0.108258797,0.074857994,0.060304334,0.106403965,0.108890383,0.133379358,0.092677196,0.050360546,0.087562701,0.126085646,0.076175198,0.091231965,0.068202345,0.095062215,0.058803917,0.076591702,0.046231275,0.060468951,0.052067749,0.057423621,0.129657183,0.088172241,0.058136192,0.105567382,0.073039194,0.082539334,0.073028972,0.106273566,0.068633751,0.080478322,0.114597717,0.104792562,0.102925167,0.121567411,0.113148344,0.112063308,0.089957405,0.090355748,0.063611855,0.110113023,0.120209015,0.056095034,0.060714268,0.124533121,0.138690771,0.065845508
CXCL13,0.227519814,0.301225794,0.281568883,0.158604118,0.34618444,0.260134619,0.273708318,0.314738433,0.262396117,0.334668905,0.219198707,0.245228763,0.235124298,0.164346204,0.273661365,0.284257558,0.295638852,0.210518373,0.290716379,0.240422677,0.269382501,0.28757778,0.242357717,0.258948863,0.313009825,0.35614253,0.327443389,0.257816738,0.326466942,0.291743041,0.102762859,0.34066452,0.346759395,0.229093414,0.283657259,0.355905464,0.288787354,0.25182033,0.277166755,0.319867937,0.32458978,0.311255975,0.328329504,0.297924352,0.280335897,0.221027382,0.101075615,0.29445412,0.31498006,0.317245429,0.231113756,0.288364549,0.28742419,0.345204998,0.224076006,0.319482437,0.319049705,0.298143246,0.221835124,0.132182449,0.205236571,0.179226374,0.300212822,0.162087191,0.291004332,0.339379369,0.308576022,0.25658538,0.337165771,0.241882525,0.258239628,0.342650922,0.156522135,0.242173356,0.366956764,0.26687929,0.299176397,0.310569343,0.282973159,0.327653977,0.313819707,0.333204273,0.365437856,0.267819478,0.316099224,0.287409852,0.149610095,0.245340778,0.303023926,0.358599788,0.239581387,0.337843891,0.371649634,0.279034274,0.290591407,0.323868858,0.362595269,0.362808805,0.301011532
CYP2C9,0.524973842,0.69404414,0.58552716,0.368137738,0.612859122,0.597433871,0.665388584,0.387091921,0.617238403,0.600599995,0.561526806,0.376303404,0.352303544,0.512526546,0.644042213,0.583715243,0.571116896,0.566207129,0.645633178,0.48507525,0.352299749,0.584997515,0.096510831,0.468074651,0.470978227,0.661031268,0.667451416,0.60607877,0.693936821,0.650864997,0.56146827,0.509548473,0.626464057,0.641639324,0.491606861,0.750794985,0.583845054,0.614864771,0.548463403,0.575536908,0.420018532,0.588538116,0.541480441,0.575189951,0.569348212,0.388757297,0.494858514,0.495633357,0.407554241,0.484082328,0.358194236,0.629876067,0.66741363,0.653605801,0.524903513,0.680680708,0.550500305,0.61003494,0.543271805,0.261276861,0.321837049,0.424693428,0.368222934,0.329173207,0.63640245,0.531748645,0.803625898,0.589918205,0.601865634,0.533858416,0.491574846,0.603633576,0.401706826,0.566718241,0.624391918,0.479022492,0.360252913,0.625159106,0.564000377,0.736911869,0.604327185,0.645929628,0.758805348,0.636322547,0.609415697,0.622550226,0.308990789,0.484948401,0.701536135,0.784389547,0.447655862,0.659289015,0.504100205,0.643493472,0.557634775,0.616853861,0.811263924,0.637050312,0.528676133
DUT,0.061770432,0.054576871,0.051844762,0.05882846,0.047886945,0.057661032,0.09186605,0.110658184,0.075540429,0.074653155,0.081169841,0.06700651,0.051297472,0.047106292,0.055632459,0.0715199,0.071399409,0.034632374,0.071644954,0.053238534,0.052218897,0.047955063,0.061999803,0.048819588,0.075304813,0.103613914,0.067296677,0.066772749,0.05113289,0.064781629,0.054961995,0.07279464,0.044283713,0.087219607,0.056392355,0.065379455,0.055271825,0.072175761,0.084003205,0.064065749,0.120537775,0.085954119,0.060498178,0.049230485,0.060055102,0.093005656,0.079838914,0.081057821,0.06585916,0.070648931,0.106356491,0.045432662,0.063480864,0.055300806,0.064852591,0.082021424,0.055358224,0.076089688,0.09698232,0.045540031,0.061948709,0.100949497,0.041137671,0.067225312,0.056771568,0.061745455,0.088327036,0.075818149,0.040516088,0.052266948,0.048170306,0.04064471,0.042791629,0.112238984,0.078408896,0.065161545,0.059412317,0.085363246,0.108391695,0.06628709,0.070691447,0.076191771,0.061901207,0.066995459,0.066409784,0.101070681,0.118404042,0.08930163,0.075899996,0.063095258,0.065957416,0.069217489,0.098535417,0.079692995,0.050841652,0.072709175,0.084622011,0.101575014,0.093306458
EXT2,0.044532416,0.045111451,0.04133149,0.04122181,0.048888866,0.045763037,0.053726261,0.041995948,0.044662609,0.044786563,0.041123743,0.037292603,0.03329761,0.03665957,0.042339053,0.050234643,0.040642907,0.036546279,0.05050756,0.058776069,0.068653842,0.070435443,0.061172827,0.06047342,0.060614811,0.054112266,0.051072099,0.049232701,0.048581397,0.049969991,0.041494105,0.048981341,0.037040811,0.055241249,0.043892102,0.046047796,0.042753711,0.042644868,0.059726363,0.046845241,0.050004468,0.043971366,0.047846367,0.041796051,0.04052611,0.048307898,0.052442519,0.051118612,0.0537099,0.04729743,0.0497245,0.039888125,0.04421179,0.04626955,0.038869143,0.050427473,0.047440831,0.047251512,0.051990647,0.042678995,0.061930343,0.066451813,0.044994376,0.060321267,0.052498755,0.043619205,0.043311477,0.044115364,0.051379968,0.043142567,0.038854498,0.04067079,0.037999526,0.035556524,0.060931748,0.047531746,0.049769932,0.050014165,0.047928209,0.065002172,0.047535534,0.05424853,0.048764965,0.048228663,0.044298402,0.04921248,0.045470202,0.043802923,0.047343894,0.058243378,0.049728431,0.050489789,0.049794784,0.049617667,0.038659557,0.046155732,0.047762792,0.048967607,0.049434572
F3,0.116101958,0.114918249,0.08941959,0.048995814,0.122632225,0.095494955,0.089526567,0.069084735,0.156018617,0.095447093,0.069187811,0.054858235,0.058647391,0.056141964,0.117322827,0.093215124,0.065704492,0.070520864,0.16281747,0.0897656,0.089939195,0.060065807,0.061131008,0.064550724,0.08608813,0.120036721,0.17358243,0.078487171,0.074513601,0.092966561,0.06964581,0.097015089,0.088116,0.129950433,0.098834278,0.129518165,0.085828657,0.113944664,0.141734644,0.083973951,0.092610256,0.067184508,0.058845261,0.06676117,0.099059046,0.099976178,0.073817621,0.088547269,0.097800496,0.081079291,0.095941456,0.12927831,0.100844015,0.109287363,0.091183678,0.09362967,0.069905347,0.082392893,0.068613489,0.084842296,0.119406038,0.070588935,0.06369894,0.063577594,0.084018268,0.083007003,0.166288461,0.066199281,0.052051465,0.079722324,0.102991266,0.072272732,0.063439044,0.06947449,0.075660909,0.078287336,0.07547188,0.119810329,0.098233344,0.09950262,0.077041569,0.121372022,0.10738382,0.089732825,0.086562858,0.133685823,0.090668862,0.103390716,0.122172648,0.121399142,0.099275986,0.122328521,0.08756455,0.104771855,0.072590174,0.111896515,0.146119923,0.154678626,0.099042507
FABP5,0.130755385,0.111378379,0.129468723,0.129692587,0.134439356,0.164211862,0.133264899,0.132937126,0.132377781,0.137324043,0.137005096,0.115623954,0.133409359,0.114913687,0.111176183,0.108780102,0.153626031,0.082652247,0.111092372,0.160605876,0.118537061,0.150342238,0.13674851,0.145730036,0.153036188,0.140623205,0.147866213,0.144406381,0.114426599,0.154170144,0.114785071,0.131208476,0.112257371,0.146637563,0.148630957,0.14707786,0.151143568,0.168035861,0.146219633,0.125244901,0.131565166,0.150098857,0.126154902,0.104728617,0.147252818,0.144944955,0.106189278,0.129486821,0.133030641,0.14167462,0.148764198,0.142480357,0.137395074,0.133095983,0.127945947,0.151851352,0.128650774,0.129881449,0.116636054,0.131105909,0.151024526,0.131250447,0.134681567,0.130045201,0.135245302,0.124033428,0.1049083,0.113555735,0.124114447,0.115779333,0.115801047,0.107748628,0.091467503,0.111775982,0.143143424,0.129727726,0.135476675,0.157783184,0.112159214,0.133536335,0.133682746,0.144689218,0.121522177,0.117393657,0.169191102,0.13769529,0.129224076,0.130235005,0.16087851,0.149547063,0.132577332,0.147968346,0.129613709,0.132346392,0.119117293,0.116651352,0.14458432,0.17148356,0.138556813
FGF9,0.046406498,0.046739331,0.044300369,0.039175865,0.041423686,0.051807584,0.047445532,0.064069226,0.04888766,0.039457382,0.04019852,0.052647504,0.035959429,0.036583037,0.039108908,0.074664807,0.063085519,0.046000441,0.036722878,0.099021533,0.054020359,0.062582903,0.051023169,0.100369837,0.065149527,0.078121178,0.064321124,0.056633508,0.069879095,0.045660479,0.054495203,0.059792379,0.044779373,0.05963708,0.061848213,0.052068219,0.041737716,0.049521047,0.051860759,0.03997192,0.042075293,0.053668529,0.040246886,0.041504331,0.055550055,0.058800184,0.050930995,0.053318684,0.068959525,0.045429473,0.059308085,0.050055232,0.05302989,0.051500508,0.044892636,0.053823177,0.074465486,0.049352605,0.043642374,0.070982684,0.061355273,0.048070939,0.042063558,0.049741178,0.062977085,0.042347707,0.087516061,0.037998552,0.032425057,0.047876487,0.038219218,0.037445768,0.036252458,0.037556611,0.049433575,0.084390131,0.048157404,0.056044284,0.045965305,0.109022214,0.056304754,0.079875455,0.090756915,0.037084146,0.052276573,0.055011761,0.055064843,0.052054652,0.060172013,0.060776454,0.073256973,0.090854902,0.077061306,0.062498808,0.054317615,0.037792971,0.051223048,0.071661481,0.074307438
FOLR1,0.488948276,0.605492712,0.650413418,0.537564399,0.60626138,0.583683712,0.565991855,0.559114605,0.573790425,0.598218521,0.493827489,0.487277435,0.544847088,0.418347749,0.531601071,0.451324975,0.579103716,0.449117898,0.533300836,0.590996697,0.45298956,0.557062384,0.597662745,0.471280722,0.538665017,0.623795361,0.603456154,0.542487848,0.571976262,0.495600663,0.498228521,0.557314454,0.596689168,0.521834675,0.504837124,0.631194246,0.607010558,0.523456838,0.561090829,0.588909548,0.538811103,0.547531588,0.653119987,0.590471952,0.590956228,0.551678533,0.542009904,0.555124495,0.559903358,0.58758597,0.560318992,0.580502175,0.606309149,0.627470593,0.611257097,0.619348063,0.525609721,0.609598483,0.496218254,0.468961803,0.424537122,0.51416769,0.608171104,0.465545912,0.64793531,0.648472373,0.679980736,0.532435023,0.549099458,0.549743878,0.660880042,0.670312204,0.388526547,0.558681318,0.621221801,0.551348336,0.695721206,0.602454553,0.581259681,0.648987959,0.571823553,0.5115264,0.621337882,0.564965716,0.561342938,0.580374936,0.501650479,0.512528446,0.639988674,0.683842385,0.572356143,0.612208917,0.626651475,0.622397615,0.558193938,0.56774566,0.584170072,0.640049681,0.499580565
FUT3,0.416638502,0.239374473,0.202799809,0.145805376,0.225859486,0.188243712,0.241619695,0.185178137,0.204382689,0.203814567,0.240254457,0.082391804,0.156549817,0.12406673,0.329476974,0.24431469,0.21225344,0.163606957,0.213608288,0.201143001,0.392609625,0.14035028,0.08332437,0.143457415,0.227455135,0.22641421,0.339198829,0.269422417,0.188994165,0.281763724,0.119412627,0.192227283,0.258687699,0.348221805,0.252039024,0.403386369,0.188661441,0.26615951,0.324022648,0.181852665,0.189477227,0.172785731,0.136481003,0.153907798,0.254083774,0.26850021,0.149801449,0.262115506,0.288952906,0.180651637,0.266598044,0.211541772,0.297045632,0.241917391,0.251880604,0.363290061,0.190178215,0.213235249,0.170583708,0.193153096,0.1121005,0.092959486,0.305807322,0.157784177,0.226583458,0.180390031,0.384816719,0.172881507,0.212240891,0.164040512,0.209313071,0.15239437,0.228721609,0.156209303,0.178973533,0.173967648,0.14719341,0.235700808,0.378617703,0.338354781,0.253113596,0.328407111,0.326224804,0.306340447,0.236083366,0.406072864,0.280312351,0.248584132,0.280128058,0.250122961,0.319578792,0.32189135,0.222886381,0.273210742,0.162143441,0.189518084,0.256885039,0.431405896,0.21649065
HBM,0.104063843,0.258718887,0.25406598,0.20213822,0.421759575,0.392024792,0.182702381,0.102617071,0.116664927,0.204980462,0.102212893,0.230426058,0.431304991,0.508016019,0.308211192,0.337004448,0.396237779,0.474836008,0.119429448,0.508218109,0.106634567,0.381095793,0.372018796,0.464319143,0.427454684,0.393062016,0.271998544,0.491115233,0.227492497,0.37168513,0.300061543,0.424319338,0.429786097,0.197143718,0.372942192,0.248252788,0.353389131,0.21918643,0.107968749,0.240919602,0.262004409,0.383669189,0.126877006,0.177894936,0.243969325,0.285506914,0.167972214,0.404788229,0.27541182,0.198320606,0.122222686,0.270855005,0.281797977,0.398530643,0.297141792,0.507707357,0.178475222,0.47619564,0.340438156,0.209243429,0.101151094,0.345389158,0.310547707,0.323326451,0.498757635,0.159185697,0.282702391,0.323647675,0.185486794,0.499614474,0.197385033,0.482513972,0.074646727,0.414041296,0.263032611,0.409641745,0.529370269,0.342138035,0.073561773,0.454934632,0.180556682,0.404057994,0.241229154,0.15465738,0.475778802,0.105805134,0.114064761,0.275890972,0.343864001,0.463867218,0.472468836,0.298895351,0.349566811,0.294704572,0.461067567,0.27169289,0.397042521,0.284731109,0.337621023
HPRT1,0.029332817,0.161362783,0.026880395,0.031726589,0.032564599,0.349686471,0.0335529,0.031003312,0.033397949,0.293865935,0.273592943,0.084791306,0.030398284,0.270635195,0.031646561,0.36367926,0.288993372,0.124881432,0.266853691,0.243216527,0.137212681,0.239035495,0.056831108,0.060687422,0.058777248,0.033379693,0.348221179,0.027204421,0.027807606,0.033791655,0.028306111,0.037418021,0.027181814,0.030307497,0.352100359,0.029955591,0.033308291,0.03328337,0.263571308,0.288545408,0.382671491,0.140193898,0.241476196,0.027232438,0.030921396,0.270924399,0.262942949,0.463859071,0.033357489,0.033605986,0.030979388,0.030515936,0.32027619,0.030946178,0.027728474,0.032045501,0.290284178,0.190170767,0.257063084,0.281124507,0.222754253,0.039888533,0.331062284,0.036612402,0.034393055,0.33280617,0.033840365,0.337950186,0.026486375,0.163280842,0.029480195,0.198147987,0.02643079,0.277806957,0.034000426,0.039567485,0.035404135,0.03472297,0.276315587,0.042831489,0.035097939,0.21808448,0.266105312,0.257960218,0.319164987,0.040682767,0.031603478,0.163558417,0.034915006,0.034770209,0.03283769,0.333576026,0.347733268,0.190755907,0.028863151,0.0296655,0.03463117,0.038784377,0.030909685
IL10,0.830860959,0.734751127,0.848596841,0.728793163,0.856909596,0.857019673,0.806826277,0.887140083,0.782164278,0.848122871,0.797936661,0.891811422,0.846918627,0.746003769,0.604386343,0.745108011,0.698256661,0.867998028,0.800243383,0.693243592,0.8873806,0.856113216,0.898766833,0.80433408,0.84533542,0.876497264,0.790992204,0.885295582,0.835014834,0.532337194,0.803327121,0.838174536,0.807303827,0.826572244,0.689357112,0.857256466,0.721915738,0.725853501,0.783525224,0.866712965,0.878997652,0.828698142,0.887342168,0.787951589,0.819021711,0.807800437,0.711819358,0.848561581,0.842693265,0.920585743,0.730262828,0.881279449,0.867212503,0.827040722,0.750875001,0.804122345,0.79906391,0.875505893,0.745437515,0.50675373,0.848387967,0.715036211,0.664408581,0.808285617,0.891505101,0.87952079,0.689966151,0.825236989,0.881628396,0.767667319,0.740157952,0.866793227,0.851585762,0.836876924,0.868458832,0.816946492,0.926981524,0.848827688,0.879209365,0.834877941,0.911935013,0.57962145,0.747912816,0.766188281,0.88652703,0.666698392,0.42961769,0.835974629,0.847621251,0.89816677,0.709547054,0.822695992,0.910857674,0.876668719,0.801060585,0.912550878,0.822231017,0.829968984,0.827092903
IL2RA,0.407426773,0.498305978,0.535080109,0.339971172,0.492618389,0.5403023,0.516383478,0.529591287,0.407068337,0.592830014,0.478637845,0.399898386,0.56466318,0.501105716,0.384252236,0.357815278,0.509804435,0.471436062,0.600365502,0.369201832,0.558011909,0.55544573,0.515846095,0.334642452,0.522601131,0.663150156,0.533225103,0.577122868,0.529106048,0.353322207,0.308876588,0.55887334,0.366746171,0.480164578,0.368989668,0.58759001,0.494541082,0.415708177,0.482417992,0.525856619,0.675411117,0.50840773,0.579196713,0.425911529,0.444678329,0.448987588,0.451827883,0.537520448,0.501084314,0.448112019,0.524455263,0.476815193,0.560368257,0.602754652,0.401340788,0.550091814,0.504860887,0.487570471,0.429774945,0.388337997,0.439954138,0.519421054,0.466652277,0.325315371,0.556709191,0.576948763,0.440195492,0.428705489,0.504314084,0.436251275,0.508310102,0.580004221,0.321290267,0.481407075,0.639169266,0.461812595,0.6900352,0.66101754,0.478478801,0.529681399,0.425703636,0.636041223,0.461579803,0.443100558,0.588650715,0.556371148,0.304956322,0.47751907,0.458152298,0.60557276,0.53330428,0.453371192,0.629484155,0.565611237,0.520594883,0.621909961,0.678410573,0.64447989,0.44002359
IL31,0.847806809,0.821303025,0.812370478,0.67501134,0.834424769,0.730792331,0.783318135,0.801609393,0.79058679,0.820678289,0.874473849,0.832398236,0.768426393,0.68719216,0.680978638,0.661154286,0.7255991,0.551752367,0.865790288,0.710107413,0.874963881,0.761885419,0.747198228,0.671135143,0.829382153,0.870459044,0.802936452,0.844531289,0.755282664,0.658892261,0.517313625,0.806524619,0.829509758,0.79346889,0.635513159,0.86300229,0.818937984,0.799247688,0.661212696,0.809706283,0.901405289,0.840390664,0.842237599,0.730404883,0.707778377,0.774054582,0.777298091,0.812872448,0.801847296,0.824574791,0.845248444,0.777963774,0.794741487,0.788268517,0.729104831,0.840129424,0.819769589,0.838276208,0.887694027,0.578567922,0.762103065,0.86558991,0.782876124,0.59174932,0.69972709,0.822711418,0.836539954,0.695298845,0.805658484,0.696036557,0.836553785,0.846951795,0.68137596,0.809245374,0.875328686,0.714663991,0.888734417,0.851727254,0.81799341,0.817380174,0.84092928,0.744174425,0.780469559,0.737670769,0.750829686,0.806387319,0.688173867,0.744855286,0.796664324,0.813787725,0.738459783,0.749599468,0.877039748,0.817426936,0.777615144,0.781200698,0.899720106,0.882245201,0.65917798
MBD2,0.166884,0.155245366,0.165152094,0.177892787,0.162976752,0.172131007,0.179630503,0.178332342,0.166109612,0.169138237,0.172417136,0.182642049,0.16492971,0.169114563,0.163459877,0.179247809,0.222184936,0.164743005,0.150886988,0.175601289,0.177630201,0.185723256,0.1992006,0.168052688,0.184436762,0.184330314,0.166347039,0.178362512,0.163983337,0.174855957,0.182806448,0.181871328,0.160440274,0.174144073,0.177982043,0.177069894,0.171515057,0.175724804,0.170236454,0.162066258,0.18896982,0.176072129,0.176989136,0.16500739,0.17008972,0.188228611,0.185461645,0.168877183,0.18828376,0.176142074,0.178253321,0.167427491,0.164500678,0.182847629,0.167448249,0.171358469,0.176217315,0.172028631,0.181329072,0.173448326,0.166044197,0.19921598,0.163340976,0.193648571,0.180890419,0.161025332,0.189228818,0.160521626,0.160689215,0.157127404,0.165105339,0.160143149,0.167435792,0.155357803,0.17118085,0.171454514,0.187645988,0.179694542,0.16970104,0.18526014,0.172807518,0.177067718,0.165503459,0.166481018,0.180247276,0.171468097,0.183773722,0.175117598,0.180230808,0.19171062,0.174391011,0.164551028,0.175324681,0.185975444,0.158815918,0.162181156,0.184564032,0.18005472,0.177187247
MDM4,0.036557773,0.034101487,0.034122861,0.033606138,0.042871234,0.053913614,0.047083561,0.046360876,0.037892615,0.040843846,0.042010893,0.042755177,0.03511887,0.03626735,0.034905552,0.041164844,0.045555874,0.038660887,0.039773163,0.06524326,0.064722873,0.063104666,0.061003962,0.061019322,0.062360743,0.04319155,0.046671775,0.042894099,0.042430614,0.045536722,0.04013389,0.05366852,0.039069918,0.042086385,0.054106706,0.045860092,0.042194784,0.042004431,0.046942709,0.032354116,0.03832526,0.043729826,0.031224929,0.034442014,0.042243609,0.03833934,0.046076118,0.047663511,0.046701414,0.042009132,0.047003885,0.041248682,0.045291094,0.041912963,0.041867498,0.044844885,0.045373471,0.044970364,0.043100554,0.051393129,0.055608995,0.045715022,0.053679267,0.044511181,0.036211617,0.039389576,0.037669296,0.033336663,0.034872519,0.035591874,0.036815602,0.038982817,0.036858977,0.035142214,0.050881909,0.050604864,0.047747845,0.047689913,0.051777997,0.038200917,0.052169374,0.049400595,0.03544624,0.03649768,0.041669983,0.045294976,0.045263352,0.045554003,0.047491822,0.046438667,0.046240425,0.047295142,0.052710054,0.045595415,0.03454793,0.036361677,0.051428378,0.046875256,0.052127204
NPL,0.770562567,0.746225046,0.516135717,0.631248075,0.635040166,0.385151026,0.693890567,0.460737117,0.689508702,0.732225851,0.639756213,0.278976975,0.425075091,0.149106022,0.713811832,0.195410909,0.800109733,0.834579373,0.661065721,0.419449946,0.631082556,0.447962051,0.719542297,0.206523474,0.595552573,0.828804967,0.616371978,0.814418446,0.511313253,0.462855502,0.633322966,0.493307242,0.665706822,0.75996407,0.518003213,0.722730985,0.365904275,0.605535653,0.687284754,0.7046993,0.828206241,0.656392708,0.536120659,0.521459273,0.628359259,0.690523098,0.701634476,0.666184456,0.766961188,0.712926189,0.779681014,0.625188115,0.656717209,0.804989195,0.69305151,0.859421706,0.560719808,0.704268266,0.825940104,0.365286193,0.598150036,0.739272459,0.50478062,0.770936382,0.691764585,0.656616792,0.798619255,0.474718367,0.375439852,0.55011076,0.700790017,0.595022003,0.623418773,0.714264687,0.687840964,0.45308364,0.734064811,0.614619172,0.748991197,0.68655803,0.535060673,0.491536388,0.706636871,0.749787604,0.612571689,0.705202248,0.560743093,0.762276055,0.782831839,0.830446573,0.584120764,0.601338657,0.764339226,0.673987351,0.732108668,0.685055295,0.863508259,0.80476257,0.452621418
NPPB,0.16682065,0.235475168,0.327876559,0.183204464,0.203685374,0.289906232,0.20844708,0.213709499,0.200305799,0.224686646,0.299856628,0.321188445,0.25023496,0.241059202,0.252818886,0.310983721,0.335785658,0.248183528,0.166456438,0.359692372,0.156056822,0.336270574,0.343131336,0.245148145,0.239501194,0.280926614,0.3171559,0.188470262,0.248019976,0.264128729,0.11862025,0.291182202,0.226585764,0.184559275,0.240412419,0.265170487,0.281510166,0.272274788,0.220639544,0.210562675,0.191178821,0.231218555,0.360176534,0.236904504,0.225881804,0.223790581,0.168149238,0.199067084,0.241880152,0.209939321,0.178608365,0.227952431,0.331945769,0.252328721,0.240153387,0.460164689,0.236875992,0.273705607,0.22885721,0.216191626,0.22221847,0.172139736,0.263385471,0.217189482,0.259489912,0.264442969,0.241289761,0.188612616,0.145555676,0.309479433,0.196686204,0.353828929,0.10765466,0.258886171,0.335843922,0.368381148,0.382256024,0.396357095,0.158978524,0.389401246,0.27396801,0.287366509,0.363493724,0.262113852,0.33817865,0.233518628,0.134834992,0.33855243,0.280574928,0.258329037,0.310812618,0.370574365,0.22457153,0.231967219,0.329758685,0.220985722,0.316636012,0.239148192,0.203091264
PCNA,0.057901153,0.055762682,0.058767188,0.057661726,0.058787698,0.064980254,0.063720392,0.061609133,0.059826156,0.060470775,0.060777461,0.058185177,0.058347535,0.056032735,0.056322441,0.053035785,0.064632836,0.057557623,0.056804288,0.062327112,0.067303351,0.069641361,0.065771342,0.063279033,0.064656722,0.064108165,0.061650548,0.065046468,0.063376109,0.061637171,0.063072468,0.067339763,0.056539147,0.06119985,0.063626551,0.064515341,0.062936138,0.063105257,0.06452455,0.056720095,0.063802114,0.06324007,0.052636477,0.058933841,0.064044092,0.066116071,0.070538944,0.064296357,0.062945738,0.063379444,0.063889478,0.060899066,0.062905723,0.061755082,0.062528154,0.064882757,0.062712415,0.063913468,0.061747509,0.056587029,0.061360581,0.061545628,0.064973484,0.064885758,0.062926483,0.05848969,0.058091231,0.055903434,0.056153012,0.058146907,0.057958137,0.058079144,0.057036656,0.05840952,0.064581261,0.060761957,0.064702865,0.063565289,0.062800345,0.066253772,0.065059614,0.066173337,0.057224086,0.057493277,0.064565682,0.072249753,0.06458505,0.064526692,0.063158329,0.062411285,0.060160765,0.064405282,0.063169302,0.065766905,0.05892675,0.056580002,0.065340751,0.064663629,0.06464444
PDGFB,0.11754712,0.111222502,0.099032721,0.084270411,0.10703119,0.08084914,0.083693067,0.098697145,0.098573033,0.140212117,0.086793971,0.077505037,0.081753889,0.073224124,0.125817876,0.108653364,0.10786358,0.070965231,0.083336039,0.093258137,0.118067665,0.088222374,0.160409452,0.099435141,0.124145977,0.126946832,0.125450697,0.109329526,0.093868332,0.092667084,0.106248924,0.083582036,0.1256933,0.170103748,0.102009857,0.127049679,0.088838101,0.097252928,0.122868484,0.099464972,0.092393752,0.099038374,0.104874717,0.093547506,0.119222035,0.126778562,0.10174626,0.105622762,0.122065368,0.094772091,0.110656014,0.089536327,0.105037623,0.112602914,0.095576188,0.134086639,0.183791058,0.106613577,0.088091869,0.1086455,0.078197029,0.064237215,0.088296933,0.082043126,0.136843388,0.098571677,0.111867209,0.066448785,0.069057738,0.09865232,0.107952955,0.087961151,0.098569535,0.097446868,0.092607742,0.101026074,0.14242805,0.108073269,0.109743554,0.174461651,0.119704192,0.121456785,0.119233554,0.089403732,0.087369499,0.109687719,0.129147282,0.122621608,0.131618165,0.133886778,0.126235584,0.106952616,0.11867844,0.120812479,0.084312884,0.087242627,0.105723657,0.15241775,0.125804403
PGK1,0.037622022,0.264889206,0.035675064,0.036824718,0.040136357,0.400304379,0.036718336,0.037165247,0.037493002,0.347040568,0.336827124,0.361856979,0.032864008,0.353183871,0.035652541,0.423866037,0.380410027,0.205130877,0.37629941,0.334521603,0.181315025,0.341077258,0.055492394,0.068098052,0.039047548,0.020680574,0.409399637,0.020219309,0.017301307,0.032359453,0.023902184,0.037382953,0.035821273,0.022125673,0.413649925,0.019449463,0.019209402,0.020142441,0.385878962,0.417568134,0.433170828,0.247096194,0.31611248,0.015807811,0.019371446,0.386998014,0.350925824,0.494049504,0.020110038,0.019740789,0.040606104,0.038530926,0.388953674,0.048763047,0.063253385,0.039485851,0.351730138,0.232679228,0.317253145,0.400034842,0.381507219,0.033952927,0.337871209,0.018527987,0.01963261,0.383241338,0.036299047,0.404926567,0.035732977,0.393767797,0.033406372,0.300816236,0.038959358,0.376302251,0.023167189,0.019054698,0.020784407,0.020238766,0.360965099,0.020895481,0.028736075,0.323152342,0.381526722,0.3422251,0.365562091,0.023468661,0.020376833,0.24903479,0.037163276,0.019574643,0.01992454,0.385110986,0.410268845,0.26619131,0.041731553,0.039849257,0.045484304,0.020832097,0.020047343
POLL,0.117971721,0.112452257,0.10579374,0.126114369,0.116574987,0.074755355,0.141300711,0.119940251,0.109143318,0.118240658,0.126157879,0.110579031,0.114107573,0.104616814,0.121808419,0.111992494,0.120855452,0.130472639,0.093008118,0.119246917,0.114391391,0.141713752,0.091060118,0.132125816,0.137798357,0.109450279,0.111889687,0.110642501,0.092379863,0.116835037,0.087018604,0.122260947,0.122599736,0.137778207,0.098080935,0.136405405,0.080499226,0.119900864,0.10974326,0.10109612,0.110603585,0.083465563,0.115615981,0.097945398,0.09927242,0.099686135,0.101650641,0.112729216,0.117315967,0.105309765,0.12805493,0.115277569,0.128616911,0.116067798,0.107670595,0.112570827,0.128000915,0.124522448,0.12520794,0.100279923,0.107653362,0.108168556,0.124103166,0.078814145,0.106337712,0.106251738,0.11848536,0.077330373,0.081068342,0.124574823,0.095519246,0.083658639,0.106297336,0.100539762,0.110951493,0.111980022,0.113302814,0.101555529,0.095375459,0.099092563,0.090189245,0.114904065,0.103755216,0.124646975,0.09477506,0.100715985,0.105288378,0.101755964,0.133421045,0.099441025,0.081798445,0.091786235,0.106398904,0.111730845,0.094721787,0.113312038,0.116758191,0.136462992,0.101682705
RAP1A,0.010975067,0.009563834,0.010055069,0.010651362,0.013306749,0.011861226,0.013386603,0.010998332,0.011831801,0.013662244,0.013659694,0.010518772,0.009045925,0.008868953,0.009463661,0.011990939,0.010800107,0.0099556,0.008543102,0.024975659,0.026004309,0.032181981,0.020557687,0.02071204,0.022944432,0.014371608,0.012637422,0.015834695,0.012967908,0.011827365,0.010740784,0.01433832,0.009545551,0.011692088,0.012524901,0.012319355,0.012458862,0.012028132,0.014064579,0.009811131,0.011900914,0.011602035,0.012171572,0.011559212,0.012420902,0.013393108,0.012480016,0.014563945,0.011035736,0.013182935,0.01263393,0.011633876,0.011647706,0.012461315,0.011228182,0.011369415,0.01477968,0.014372732,0.015313749,0.016393871,0.012218532,0.015674468,0.015142459,0.010610869,0.010685773,0.009757044,0.010773772,0.010776624,0.009070675,0.009227113,0.009625339,0.009339487,0.009670032,0.01050353,0.012356817,0.012199261,0.011967746,0.011958158,0.012273985,0.011118914,0.017626662,0.015552298,0.009616392,0.008817963,0.01290165,0.016440876,0.012132692,0.012492997,0.011349427,0.012119797,0.013955111,0.014182613,0.013252038,0.013776383,0.011198032,0.009209693,0.011995308,0.011415649,0.012978246
REG3G,0.190940416,0.282603085,0.268718061,0.222552578,0.263245156,0.275985514,0.220367211,0.178208661,0.256665917,0.270017136,0.201667893,0.155160926,0.224623235,0.211401543,0.282843393,0.306124336,0.177756933,0.126379484,0.142304067,0.233400809,0.181973566,0.212702089,0.211394678,0.241665698,0.227691466,0.292515383,0.361665656,0.255254777,0.268452046,0.327926037,0.184529197,0.247398613,0.271986479,0.392996953,0.255719352,0.282779319,0.249969948,0.286356904,0.253526528,0.240647526,0.169280362,0.165585753,0.227189272,0.200651296,0.248865356,0.221394379,0.208236636,0.258115704,0.193687975,0.228623486,0.204860769,0.287150037,0.280818489,0.256164606,0.229115953,0.343970167,0.227088933,0.250858899,0.229005286,0.138328477,0.081995514,0.143368333,0.210656468,0.112217952,0.260172648,0.277613881,0.453211217,0.165809846,0.269659942,0.180965948,0.285204422,0.270914576,0.114254631,0.22657153,0.297510147,0.274809642,0.289186525,0.295007659,0.182121433,0.37849177,0.199093418,0.29712704,0.394211979,0.220655125,0.301143643,0.257928994,0.157463498,0.226635818,0.311835231,0.310867988,0.258683864,0.274158195,0.241387164,0.264020076,0.306009014,0.239025499,0.169953509,0.334968486,0.17584025
REG4,0.409699194,0.407388403,0.243368995,0.286922354,0.389361336,0.09965763,0.414323486,0.12912903,0.388254173,0.386933707,0.343761281,0.071197741,0.327657983,0.144083771,0.350680894,0.183118049,0.466567405,0.418161182,0.402354339,0.382940176,0.400986223,0.164017594,0.340744437,0.104007575,0.371348301,0.32437214,0.360436397,0.335753993,0.328445598,0.288741021,0.400167746,0.263818683,0.318155111,0.374152682,0.308234165,0.422607259,0.305780879,0.329579268,0.365322745,0.332660688,0.416787054,0.46032032,0.28164733,0.260295887,0.364432935,0.437636778,0.422111309,0.308686553,0.368162315,0.426350412,0.451645631,0.26950036,0.324424129,0.448876791,0.296696422,0.262567529,0.449778419,0.427987975,0.465820619,0.274977044,0.432585608,0.279508281,0.384414559,0.424030051,0.385085824,0.320434813,0.268958281,0.247782667,0.181412345,0.241563453,0.384851811,0.229233369,0.386419054,0.358098372,0.26831578,0.132182373,0.435067837,0.335492752,0.45027413,0.364320354,0.380815943,0.288412479,0.283661997,0.355183691,0.362444515,0.427533804,0.3067154,0.425999952,0.388515068,0.390531887,0.255425945,0.348676444,0.389844803,0.352415142,0.240162045,0.328635708,0.452148768,0.460266782,0.169429862
RGN,0.503884643,0.425702229,0.452954745,0.833928907,0.464839182,0.729415054,0.832808796,0.84760694,0.346424513,0.698937329,0.487558613,0.809673428,0.277427987,0.677137732,0.610358245,0.53489185,0.691373141,0.805041949,0.590576962,0.743547144,0.669664165,0.705465544,0.871701912,0.588932927,0.765780973,0.554323032,0.711052468,0.393531202,0.896793235,0.34012571,0.800897097,0.400197317,0.637433391,0.500888828,0.622769286,0.811351352,0.742629846,0.548130138,0.63572761,0.629054193,0.57337882,0.815217366,0.845395542,0.33846485,0.826444884,0.762399404,0.357802232,0.658159418,0.825466135,0.363496593,0.386106028,0.849375972,0.700473684,0.835669825,0.780046468,0.83247403,0.584465935,0.782736996,0.404507224,0.547154524,0.524715275,0.862134775,0.75628921,0.611480931,0.839036037,0.735887102,0.835230307,0.62659819,0.691352112,0.820088646,0.849372579,0.421353275,0.314749012,0.644511095,0.433997854,0.884083117,0.406068605,0.549504924,0.559965418,0.833905792,0.871306815,0.6599783,0.552020276,0.711819096,0.777390945,0.500343512,0.838541079,0.778805127,0.49311038,0.840568456,0.818014836,0.579417909,0.81284351,0.785036893,0.636407906,0.741664012,0.838419857,0.607600766,0.721310166
