Gene,TCGA-3X-AAV9-01A-72D-A418-05,TCGA-3X-AAVA-01A-11D-A418-05,TCGA-3X-AAVB-01A-31D-A418-05,TCGA-3X-AAVC-01A-21D-A418-05,TCGA-3X-AAVE-01A-11D-A418-05,TCGA-4G-AAZO-01A-12D-A418-05,TCGA-4G-AAZT-01A-11D-A418-05,TCGA-W5-AA2G-01A-11D-A418-05,TCGA-W5-AA2H-01A-31D-A418-05,TCGA-W5-AA2I-01A-32D-A418-05,TCGA-W5-AA2O-01A-11D-A418-05,TCGA-W5-AA2Q-01A-11D-A418-05,TCGA-W5-AA2R-01A-11D-A418-05,TCGA-W5-AA2T-01A-12D-A418-05,TCGA-W5-AA2U-01A-11D-A418-05,TCGA-W5-AA2W-01A-11D-A418-05,TCGA-W5-AA2X-01A-11D-A418-05,TCGA-W5-AA2Z-01A-11D-A418-05,TCGA-W5-AA30-01A-31D-A418-05,TCGA-W5-AA31-01A-11D-A418-05,TCGA-W5-AA33-01A-11D-A418-05,TCGA-W5-AA34-01A-11D-A418-05,TCGA-W5-AA36-01A-11D-A418-05,TCGA-W5-AA38-01A-11D-A418-05,TCGA-W5-AA39-01A-11D-A418-05,TCGA-W6-AA0S-01A-11D-A418-05,TCGA-WD-A7RX-01A-12D-A418-05,TCGA-YR-A95A-01A-12D-A418-05,TCGA-ZD-A8I3-01A-11D-A418-05,TCGA-ZH-A8Y1-01A-11D-A418-05,TCGA-ZH-A8Y2-01A-11D-A418-05,TCGA-ZH-A8Y4-01A-11D-A418-05,TCGA-ZH-A8Y5-01A-11D-A418-05,TCGA-ZH-A8Y6-01A-11D-A418-05,TCGA-ZH-A8Y8-01A-51D-A418-05,TCGA-ZU-A8S4-01A-11D-A418-05
AQP1,0.428735626,0.240644729,0.510507732,0.265437101,0.329428627,0.188822939,0.199427219,0.702792991,0.473405506,0.257265075,0.457194164,0.83105415,0.301294946,0.455526587,0.202695942,0.199622814,0.328966755,0.239947766,0.288436918,0.548382866,0.410767822,0.243858184,0.239564078,0.744710083,0.758406424,0.2761136,0.66594907,0.25734704,0.297151565,0.650860081,0.218230681,0.202118009,0.169245898,0.542901682,0.335912693,0.349833611
ARAF,0.098613494,0.278982249,0.434805507,0.458571781,0.114045004,0.422337703,0.113597783,0.363788132,0.42186453,0.113316342,0.105389403,0.109582868,0.481049434,0.139782247,0.415969205,0.384551033,0.086856346,0.442567397,0.112603028,0.120082473,0.116906168,0.414237091,0.366885342,0.475627495,0.12057479,0.471252924,0.45574266,0.130292995,0.41780836,0.409701015,0.190402936,0.108718779,0.097275174,0.388185927,0.107046959,0.108590707
CA3,0.429036081,0.668949722,0.622718426,0.695065695,0.534053245,0.721052127,0.679830887,0.532151228,0.315790448,0.748801448,0.580783341,0.721627555,0.615784019,0.764564054,0.681919023,0.732032109,0.598123805,0.623314055,0.585548336,0.294161237,0.524953371,0.693432146,0.693438192,0.56571112,0.583577861,0.603858812,0.569261196,0.661677624,0.611020731,0.660312823,0.653011249,0.616015451,0.406390123,0.19214735,0.287099531,0.285741169
CASP9,0.035582381,0.032988459,0.023608119,0.031059116,0.035175972,0.035775721,0.0340605,0.039812469,0.031787605,0.049705102,0.052930005,0.043561517,0.044523571,0.033407623,0.045024698,0.049929653,0.047272268,0.053539402,0.060238494,0.042926322,0.053830979,0.046997144,0.058862854,0.055168618,0.054485662,0.047400766,0.037948698,0.037462062,0.05653447,0.06632657,0.068043581,0.039691396,0.052846271,0.037455471,0.063990556,0.02271044
CLDN18,0.724155548,0.807017388,0.52234547,0.605784352,0.798697644,0.837158033,0.804658355,0.710275809,0.770536115,0.789804721,0.767109995,0.814136137,0.803788382,0.736887795,0.818011088,0.818321625,0.575013117,0.805449982,0.76920886,0.79488575,0.761363223,0.754887273,0.807083841,0.801841255,0.673324987,0.802978134,0.789853895,0.810851057,0.765699576,0.76518741,0.761547675,0.823982983,0.774142475,0.716052292,0.762203364,0.767800129
EED,0.051233996,0.054432525,0.040008724,0.056341563,0.050328003,0.046778258,0.071795461,0.071382016,0.069457717,0.055410479,0.053548722,0.041927589,0.06772036,0.055375006,0.043453725,0.048392942,0.050199781,0.07270635,0.051914886,0.0514603,0.05315053,0.084065465,0.086393271,0.070049983,0.090975674,0.07003894,0.048669457,0.041678305,0.080079848,0.044610503,0.052808385,0.069848789,0.04453885,0.046629794,0.056306291,0.05591322
EPOR,0.351476784,0.469341171,0.307996702,0.315426191,0.33838002,0.331476078,0.353634197,0.334227863,0.342898461,0.33015191,0.282399697,0.235576528,0.362132449,0.249336299,0.293215567,0.278909504,0.239251923,0.289574257,0.341463913,0.282674216,0.322146259,0.292869929,0.417629055,0.277407462,0.258137713,0.369144072,0.352203064,0.397997075,0.314155558,0.351715151,0.275833693,0.282073221,0.298702945,0.219109917,0.299832668,0.381868159
EPS8,0.059351199,0.069748774,0.05722514,0.048621246,0.052913327,0.032072915,0.038472818,0.042882447,0.067113809,0.048053251,0.082814027,0.047566932,0.063055397,0.03112502,0.036061546,0.029019117,0.031469543,0.036216473,0.071902561,0.048076786,0.058881801,0.048073863,0.050304715,0.057000979,0.053857198,0.044257463,0.055693838,0.029189069,0.05883955,0.044875064,0.039992923,0.041911237,0.031586017,0.042288696,0.053845322,0.041817986
EREG,0.231978088,0.750219566,0.225471978,0.308113193,0.370072825,0.464902331,0.53122441,0.504354385,0.234911249,0.807114107,0.310134467,0.583881035,0.367445282,0.434997559,0.795858055,0.313640766,0.183730475,0.351568734,0.604915249,0.360823286,0.41695029,0.38683125,0.593510672,0.361262126,0.278823227,0.494093812,0.56478734,0.666661279,0.27553287,0.43175762,0.336680433,0.357462186,0.402259427,0.351808728,0.221897089,0.185030904
KRT20,0.839361112,0.919521071,0.864774937,0.59602932,0.870452445,0.92178561,0.906135919,0.873431155,0.869792115,0.915502718,0.906210967,0.881232368,0.889479259,0.891358856,0.869023975,0.890409124,0.771148609,0.888985298,0.855055138,0.862126186,0.827654655,0.908836098,0.909173497,0.873835646,0.674692054,0.903471868,0.889471265,0.906307755,0.874671695,0.883009423,0.877524264,0.880284631,0.907729695,0.90755546,0.841824582,0.873377517
LGR5,0.141027369,0.164964961,0.140394652,0.143623359,0.141451464,0.142073012,0.148542262,0.143901912,0.160360554,0.389244843,0.134495956,0.186100837,0.149143725,0.134373695,0.385196833,0.143737443,0.106973687,0.151347563,0.299569027,0.140832425,0.397343778,0.141348822,0.140232422,0.170187776,0.1456345,0.209349968,0.325264821,0.171755745,0.167039473,0.15228793,0.140659242,0.141374308,0.133994866,0.137447817,0.167868447,0.141471501
LYN,0.140381908,0.308109054,0.128658649,0.215091329,0.144998058,0.209607711,0.208715419,0.198338086,0.146071526,0.236165857,0.199971044,0.080779261,0.181230899,0.145330863,0.171633358,0.179321293,0.052403047,0.082912105,0.122566786,0.127913437,0.142872583,0.145413309,0.225007815,0.192204705,0.092791563,0.216554687,0.201227567,0.244808113,0.20628232,0.076494582,0.120915835,0.076966485,0.042056238,0.0755699,0.09648634,0.153843069
MBP,0.598860624,0.634395554,0.569574196,0.579429499,0.585263353,0.628490256,0.600070274,0.611454308,0.62971869,0.625899266,0.611210518,0.61207456,0.608916837,0.587876109,0.623114433,0.621454744,0.561032807,0.58946611,0.58821072,0.567686809,0.592381999,0.615654038,0.616924189,0.601804011,0.552791742,0.621420921,0.612928623,0.620286898,0.591446771,0.564147058,0.604548614,0.614768211,0.594271751,0.55166081,0.58090578,0.614833237
MME,0.086938567,0.200558236,0.123222011,0.111929334,0.128351663,0.171945599,0.150973151,0.204551297,0.07669887,0.252046001,0.13389435,0.193191988,0.169962612,0.18490908,0.478290997,0.174195541,0.063909191,0.14369779,0.215648392,0.169928186,0.1327903,0.133387347,0.200576844,0.169435243,0.138092543,0.227533171,0.42748984,0.187461923,0.171666718,0.170205322,0.098134745,0.220096954,0.089825305,0.093166842,0.113104083,0.118788236
NTRK1,0.309758835,0.542637198,0.360275632,0.405239999,0.417152899,0.487632261,0.467159521,0.445594549,0.351806598,0.56842908,0.428477946,0.457323569,0.426436754,0.499699352,0.51772761,0.420925155,0.204140723,0.454314299,0.534192942,0.389306611,0.477252558,0.47423576,0.510926716,0.513185161,0.318731481,0.511887296,0.512353528,0.505287834,0.475609925,0.394892667,0.364429748,0.455888414,0.435614033,0.376107232,0.409713316,0.323054956
OLFM4,0.544291206,0.611534851,0.536032294,0.334997543,0.56664386,0.44946039,0.355511896,0.405285162,0.60075094,0.613897862,0.539703831,0.601250314,0.55347053,0.445844111,0.635666565,0.620014772,0.334164193,0.55144786,0.498368339,0.475442292,0.542487225,0.589852867,0.328391573,0.486923093,0.43831986,0.600287266,0.528230653,0.46556472,0.485143036,0.565433212,0.325690188,0.645867108,0.545948781,0.684599967,0.474995576,0.48915992
OMP,0.688892602,0.764596453,0.667762446,0.69830504,0.710209888,0.777456272,0.754763023,0.735451968,0.675039529,0.778780278,0.759494504,0.754364887,0.717369139,0.763906294,0.750976119,0.721282364,0.632786711,0.766631108,0.68804186,0.744698679,0.708793836,0.77039288,0.773570336,0.745645433,0.727761008,0.708473507,0.731835583,0.765085729,0.734846943,0.75220519,0.736847313,0.727471824,0.749012452,0.700269916,0.713827604,0.709738263
PODXL,0.108289288,0.265113754,0.113594211,0.174524432,0.159349885,0.096054766,0.10343772,0.213473884,0.059235718,0.278058361,0.244790559,0.072553418,0.107606501,0.133665462,0.173575895,0.115359067,0.035798687,0.166511013,0.131123337,0.10656458,0.117598272,0.18949906,0.262858104,0.224884953,0.070623128,0.274879261,0.182224264,0.225280411,0.204246124,0.088197507,0.105734628,0.131007131,0.043657634,0.063686095,0.108799084,0.054371187
RABGAP1L,0.318678359,0.464251076,0.297011493,0.419379299,0.381980753,0.425387119,0.412710211,0.388757734,0.310742043,0.448448513,0.306402254,0.249750134,0.405632551,0.2398944,0.294553002,0.246064745,0.187303247,0.358805788,0.364410125,0.251986199,0.296008183,0.2742864,0.416886256,0.393841585,0.420233758,0.316529922,0.421595887,0.426466058,0.289636561,0.287098822,0.417756677,0.389458195,0.232449142,0.258990227,0.28565523,0.347820266
RPS6KB2,0.079028764,0.090784296,0.06838872,0.076890949,0.091042692,0.066043437,0.073873254,0.068071284,0.085697143,0.100398364,0.050805711,0.072000319,0.087624612,0.054632592,0.067320107,0.082005887,0.038545546,0.076203525,0.073039893,0.078091653,0.08160709,0.089597375,0.086742758,0.110038451,0.059382253,0.096925135,0.076647414,0.0723877,0.090797741,0.061453309,0.080048661,0.065121379,0.057397826,0.049691645,0.092270995,0.089884686
TBX4,0.489864236,0.601519884,0.389094949,0.625827137,0.478454042,0.621465004,0.585434032,0.523619227,0.300914589,0.746234566,0.381644964,0.659345023,0.531779164,0.618753315,0.726670619,0.691899511,0.498363264,0.487778698,0.619308151,0.38864788,0.54127426,0.425024077,0.710566863,0.509278658,0.594038501,0.521139878,0.574830218,0.557330349,0.671740204,0.544022822,0.600310505,0.564158337,0.633501123,0.288084854,0.334340778,0.3393425
TRO,0.140334729,0.307047548,0.409614496,0.357590363,0.304017757,0.408668777,0.341237961,0.370010075,0.409070989,0.530752659,0.228263214,0.596450634,0.445632895,0.350873936,0.362261987,0.583692712,0.078211219,0.378808056,0.480786731,0.138189917,0.258809703,0.318669407,0.243307144,0.508801212,0.216911176,0.296543343,0.422980302,0.547831471,0.427706607,0.325498728,0.213660503,0.409566501,0.479779114,0.261489535,0.134173903,0.278700491
TUBB3,0.054332797,0.103046262,0.06678139,0.058004307,0.102603989,0.034494636,0.041598521,0.044393292,0.083759276,0.094209976,0.035813058,0.140886216,0.065592011,0.030843621,0.059893905,0.148405293,0.035373456,0.050966702,0.119078472,0.059038162,0.194491679,0.051691129,0.071049914,0.073559116,0.081838004,0.0444538,0.083029607,0.262172052,0.058202318,0.064819669,0.045562242,0.065050712,0.029962879,0.052536206,0.066921067,0.05395664
BICC1,0.294023117,0.270950831,0.265932577,0.488151754,0.256729141,0.233629838,0.258956224,0.251418633,0.326649407,0.268541509,0.23151707,0.160517538,0.242543862,0.198776151,0.253532207,0.217336256,0.19327994,0.223915312,0.260021356,0.205617711,0.272638853,0.252595692,0.25508941,0.235757369,0.366292879,0.227635069,0.266178039,0.271768629,0.211874953,0.20445121,0.203843408,0.236805489,0.208330389,0.20537672,0.264000176,0.307764965
CASP8,0.182991989,0.299852467,0.238940659,0.213672204,0.186338514,0.240344517,0.230407207,0.268046425,0.160466428,0.23004251,0.266138418,0.203983142,0.238668016,0.22359566,0.221323615,0.246913898,0.186961013,0.262960459,0.207021853,0.235309781,0.213797142,0.24805681,0.262980299,0.196474397,0.20320864,0.278028066,0.277123171,0.289223867,0.219446791,0.196527447,0.194057533,0.194672708,0.264119105,0.264320036,0.206840473,0.190034082
DKK2,0.250570931,0.34667208,0.360341649,0.26158338,0.222937552,0.369027587,0.298252984,0.162618305,0.124569172,0.547842223,0.17185413,0.360485678,0.289572314,0.64082228,0.615687869,0.276525883,0.151727955,0.272531991,0.497490336,0.155688812,0.406779412,0.157916088,0.441106747,0.334922777,0.28628572,0.140839595,0.358028358,0.322354699,0.405636541,0.380144657,0.084138371,0.384775217,0.658159367,0.048087903,0.119303393,0.164345904
FER,0.044965438,0.062600359,0.038118308,0.147207268,0.042376043,0.044271594,0.031571075,0.032621824,0.04460322,0.039760845,0.048186013,0.041480572,0.040110167,0.036896128,0.041166219,0.045519354,0.045841468,0.034194846,0.048729627,0.042754664,0.04561174,0.041132576,0.042542418,0.056707993,0.077974471,0.042502968,0.047527639,0.040067554,0.044233023,0.047141471,0.031940687,0.034563109,0.040637882,0.038439571,0.046371428,0.03559315
HMGA1,0.166576995,0.344012536,0.211605263,0.178467534,0.175295186,0.164262779,0.190119978,0.245038576,0.127476168,0.182551367,0.285176902,0.259465329,0.184875714,0.11993617,0.152682032,0.221131522,0.10940344,0.212287614,0.173675437,0.162144498,0.188610981,0.327680679,0.353781448,0.199599851,0.194399973,0.334071202,0.172132827,0.287897808,0.198599946,0.186777433,0.152440364,0.124180817,0.218827745,0.246838297,0.177840801,0.154186853
HOXA1,0.41130563,0.555663448,0.527485544,0.269411573,0.458352239,0.570433903,0.565225413,0.43305393,0.198618373,0.776411962,0.217475203,0.679337474,0.404674613,0.805631522,0.740525686,0.667232591,0.216583821,0.305476893,0.602757663,0.263392131,0.439533555,0.317145952,0.734389498,0.501015883,0.303434678,0.507564093,0.534828575,0.55024737,0.588998639,0.456692047,0.335625291,0.435085444,0.776362631,0.15561783,0.255207183,0.258487605
LAT2,0.348939049,0.572947539,0.3431136,0.241317358,0.317458264,0.319622152,0.325237677,0.441429919,0.277520214,0.284913501,0.359820198,0.209012598,0.307597245,0.300001793,0.318962934,0.313330113,0.21631132,0.360168563,0.318557608,0.359413336,0.37399767,0.296880071,0.357021509,0.318036244,0.37067609,0.435988814,0.314197738,0.584726921,0.289320042,0.31229956,0.29873211,0.323675242,0.320663656,0.289132182,0.292774881,0.341953535
LOX,0.157801178,0.445559112,0.141871759,0.243800012,0.168895846,0.270493774,0.216896261,0.283093421,0.17876356,0.607449303,0.323983726,0.127518911,0.174013652,0.65673798,0.690299645,0.145879853,0.101044173,0.167115682,0.538849332,0.156148391,0.230779776,0.201621005,0.375672064,0.257784027,0.177261895,0.337405074,0.442587746,0.398529241,0.302889814,0.14907343,0.205435687,0.175374089,0.158194764,0.177867157,0.193728692,0.143119005
MAF,0.064499918,0.038763558,0.044791435,0.044061917,0.04811693,0.066536832,0.03849361,0.040825862,0.095317173,0.043837473,0.033663181,0.040790818,0.095349826,0.028656824,0.153593882,0.047062348,0.039033166,0.07399196,0.068978108,0.043539219,0.07890626,0.043873307,0.049729192,0.057841388,0.055647742,0.081058201,0.065547006,0.047601622,0.066125168,0.035333075,0.042351865,0.046898938,0.03212047,0.046985226,0.052904265,0.041334159
MAL,0.295321669,0.521116514,0.281405917,0.228560174,0.306701361,0.369972706,0.302153176,0.28268817,0.20841772,0.568306493,0.308015222,0.448344882,0.330340685,0.614979876,0.637244105,0.431962933,0.113298816,0.386676951,0.545486442,0.229894774,0.445133085,0.369324927,0.592032689,0.293623877,0.130834958,0.431773679,0.340649999,0.403912114,0.540732701,0.436280418,0.183545916,0.452764919,0.565809548,0.199475583,0.251317633,0.305496646
NCAM1,0.340100664,0.495650313,0.396952526,0.271240716,0.345278081,0.415196841,0.368187028,0.387842256,0.326342057,0.521489772,0.474365353,0.389260674,0.37774294,0.499536221,0.613621486,0.404141285,0.337983241,0.407978853,0.48681656,0.357059324,0.35736722,0.416730683,0.362024897,0.401769082,0.293043424,0.392293628,0.328153272,0.434232064,0.381964262,0.370307848,0.26777443,0.358276102,0.398971381,0.365491657,0.300405915,0.321567002
PIN1,0.067562068,0.07296439,0.070617346,0.059354771,0.034830821,0.05850152,0.024652962,0.065195254,0.029928213,0.03541381,0.044482873,0.061701843,0.075058637,0.057937613,0.064053892,0.070827645,0.045499366,0.079778102,0.065223389,0.034383077,0.073951676,0.040146987,0.047758299,0.071803976,0.058329361,0.068761404,0.03297223,0.072021903,0.065618194,0.039032672,0.060308149,0.07942128,0.048686556,0.069641164,0.06754965,0.027592399
SHOX2,0.235118309,0.578997668,0.295445797,0.21831754,0.254161666,0.542617217,0.604739847,0.524111854,0.167522616,0.668288419,0.390786091,0.748970186,0.491098073,0.740979684,0.66227228,0.615803452,0.054636978,0.476999338,0.605679397,0.27827987,0.530160716,0.379017562,0.602748325,0.444722371,0.235500732,0.452108988,0.51918597,0.634655872,0.579168276,0.509778584,0.429593598,0.694396552,0.723615285,0.110571366,0.277651849,0.341895
SPHK1,0.222938166,0.259114257,0.217013356,0.215054751,0.229805923,0.230740858,0.222885529,0.210884174,0.226040863,0.229095541,0.207890191,0.2128604,0.226304995,0.204277314,0.2131208,0.190758634,0.114373324,0.19089768,0.251353037,0.160949448,0.225627631,0.226795182,0.226352327,0.243815427,0.193829433,0.220591831,0.227978838,0.234858485,0.223835399,0.143213653,0.193255476,0.21006647,0.191651678,0.185900541,0.240821626,0.201197862
TAZ,0.057622286,0.428387712,0.48527078,0.48722534,0.080512154,0.450044727,0.07908683,0.484151469,0.494423575,0.103628304,0.176541302,0.054075965,0.51870505,0.122825172,0.476257393,0.459010754,0.036578863,0.465745991,0.065974543,0.076421492,0.088683517,0.463667964,0.480861497,0.547563766,0.053929221,0.541448302,0.52549339,0.153970949,0.494212714,0.510258922,0.258110646,0.058288549,0.038042767,0.389452951,0.072540861,0.058005931
THBS1,0.192857442,0.094879914,0.13616074,0.144849117,0.16776169,0.075772786,0.089582953,0.128292175,0.251639361,0.094405643,0.073188709,0.081947107,0.14764099,0.050172042,0.08720019,0.0870167,0.104080685,0.098021167,0.153944034,0.148859397,0.157998805,0.102352934,0.112188941,0.15639876,0.071843625,0.114143508,0.177537174,0.06030143,0.116525689,0.095189059,0.077067007,0.097907156,0.049388539,0.059131232,0.160121361,0.194928486
TSC1,0.163613369,0.221365709,0.178666187,0.200290554,0.181521036,0.221755711,0.19503931,0.213269188,0.169947372,0.204548312,0.238516369,0.139838526,0.204224859,0.205413867,0.226278757,0.227742534,0.123147528,0.203195167,0.138881309,0.188933188,0.161555138,0.233563711,0.248322107,0.179005164,0.125957733,0.210723085,0.195110524,0.223238651,0.165759976,0.184695549,0.173718382,0.205017745,0.21213858,0.188146939,0.154725726,0.181586475
ATR,0.056012473,0.042166168,0.060019213,0.064703797,0.061993946,0.03190431,0.037320551,0.040067215,0.056338223,0.065830897,0.031790291,0.061950616,0.051582363,0.033532755,0.032374255,0.030709999,0.033891598,0.044449338,0.06912482,0.072187963,0.07750691,0.055512369,0.037837392,0.093794497,0.058877404,0.058561806,0.065516538,0.031798616,0.074985201,0.054615896,0.055552221,0.048925164,0.026449031,0.053381256,0.081874135,0.051681398
CD9,0.214546724,0.495956256,0.276367782,0.259549909,0.327514225,0.294555243,0.307079035,0.361638619,0.298407751,0.511768231,0.346743804,0.308642495,0.331390072,0.274930487,0.422831156,0.30115784,0.059396182,0.315305127,0.357203725,0.322440058,0.384054208,0.364055917,0.327202389,0.306436029,0.303732487,0.407800549,0.362203512,0.45109843,0.374498708,0.329721548,0.266762042,0.310828745,0.281328506,0.326965363,0.239356846,0.265867462
CDH3,0.236340225,0.394690636,0.276286366,0.333760448,0.327532603,0.402463221,0.339376343,0.337545061,0.263813153,0.402202776,0.390589187,0.370875536,0.339021496,0.412944453,0.52019209,0.341524301,0.206074413,0.354870064,0.504310071,0.183733032,0.452270432,0.296121,0.575310317,0.374926221,0.32904293,0.313153964,0.388435394,0.498093907,0.370887435,0.321995977,0.171664305,0.401173002,0.328877855,0.234369703,0.265275395,0.308518563
FGFR4,0.29814263,0.276168118,0.263302725,0.29734209,0.256491936,0.218926017,0.214237995,0.248524313,0.338580475,0.280940662,0.220489217,0.137098485,0.266851601,0.157239184,0.225582938,0.231462059,0.243298722,0.245070325,0.236077807,0.195044498,0.248956522,0.242505898,0.198193982,0.253648733,0.202667637,0.256065153,0.250496431,0.193197187,0.2140683,0.192960028,0.19255509,0.225271036,0.175375731,0.317225707,0.253474557,0.277082943
HMGA2,0.138486026,0.381025075,0.172208959,0.247950352,0.219347163,0.290864556,0.233148765,0.27712371,0.155190941,0.309816319,0.255307257,0.313679845,0.288828266,0.326686914,0.392685158,0.304081572,0.127665316,0.241638049,0.34243895,0.151350542,0.154894777,0.293378498,0.316192143,0.256093253,0.163855547,0.323598822,0.292425586,0.276859748,0.111200973,0.273422221,0.241293925,0.132631571,0.333885347,0.180326168,0.132946501,0.100099508
WNT3,0.174726001,0.412992507,0.184239652,0.195773659,0.233401461,0.247599475,0.246616633,0.250589318,0.087331243,0.488853554,0.226913615,0.322204838,0.173375877,0.407818456,0.306909436,0.179476055,0.055326436,0.228483869,0.394748739,0.251304368,0.235560527,0.275960618,0.322517167,0.275402043,0.220704886,0.274182181,0.293020867,0.325290032,0.296952403,0.253125362,0.247525509,0.300430576,0.266033852,0.211504709,0.178254225,0.191640107
ZSCAN18,0.435713158,0.327709991,0.328204797,0.391787133,0.301614841,0.377033491,0.363236539,0.28659552,0.38513828,0.659793491,0.309960515,0.30030501,0.390297971,0.405723782,0.408379362,0.410858212,0.284784965,0.345139518,0.545177513,0.274428889,0.528520677,0.213291082,0.400152603,0.349162512,0.273249634,0.358213397,0.546386765,0.329151124,0.357347325,0.360312827,0.321761237,0.501488104,0.415156719,0.184941895,0.400187046,0.271687465
AKT2,0.224121168,0.315281549,0.224933352,0.290332466,0.275584871,0.294815912,0.298796919,0.249970874,0.241342224,0.330593548,0.295197971,0.229375086,0.282714238,0.237463613,0.293825493,0.269607792,0.20219899,0.293405901,0.257921082,0.230685181,0.275014415,0.327985296,0.309979072,0.298934325,0.201588339,0.380244121,0.266182258,0.293931985,0.242457793,0.211153136,0.271391418,0.282357623,0.276134806,0.186350218,0.25212502,0.237260451
DCLK1,0.300622557,0.239638883,0.405506509,0.36865792,0.240529823,0.241635592,0.361372419,0.198357648,0.272126142,0.382695597,0.177341149,0.272240855,0.377805778,0.3822842,0.458643744,0.225203343,0.171724461,0.26842154,0.410149218,0.22160325,0.347416515,0.18746154,0.221318197,0.353602171,0.200571507,0.272912463,0.360234098,0.279187634,0.436236427,0.256044164,0.104565696,0.465054012,0.462528181,0.209304491,0.18521535,0.222595829
PTCH1,0.131160065,0.194460314,0.120896287,0.123267255,0.136988158,0.132854208,0.14703997,0.159425963,0.152705593,0.164336943,0.144325377,0.196945105,0.155775143,0.134799863,0.203605394,0.149733897,0.071524462,0.154170277,0.16384593,0.12826909,0.167018265,0.126229025,0.231415029,0.160879958,0.156650583,0.134039835,0.18275083,0.146474428,0.146211131,0.16150221,0.136919201,0.149697223,0.134177784,0.132104079,0.140681379,0.118309635
PTGS2,0.1276639,0.474843799,0.075527807,0.121901548,0.16001272,0.214177855,0.242970094,0.14366711,0.156639693,0.60912397,0.142336726,0.261260847,0.255513456,0.744034491,0.497321644,0.208554696,0.035192747,0.174191351,0.635392782,0.185970179,0.52175396,0.241341869,0.504515978,0.430587467,0.532408137,0.216249459,0.543363236,0.36111518,0.510355891,0.166016532,0.170732564,0.443236762,0.757892558,0.139423447,0.190355068,0.164977366
ERBB3,0.223715239,0.166885551,0.210735415,0.187665563,0.213774843,0.143073797,0.152272817,0.172368515,0.275863728,0.164750132,0.146718856,0.138774622,0.219722281,0.114347313,0.156547281,0.150895753,0.145113053,0.158779852,0.197470193,0.16016791,0.216434892,0.157863978,0.155776238,0.198436076,0.133397007,0.178410916,0.205471744,0.140646048,0.188774812,0.158124999,0.15781282,0.156570059,0.118171478,0.155238083,0.201282614,0.206487933
NOTCH2,0.100082504,0.101366166,0.090873985,0.111871567,0.099117794,0.079808328,0.083379467,0.098439656,0.099064626,0.128054893,0.103053767,0.063058454,0.100499615,0.051997023,0.066235239,0.046594543,0.057827622,0.090374223,0.092081647,0.079428214,0.090139145,0.10221796,0.088108436,0.11179698,0.075131122,0.111351202,0.09486162,0.099965634,0.100916348,0.075935971,0.068459,0.086546926,0.040225972,0.071979405,0.084680293,0.095179017
STK11,0.158803681,0.317558867,0.16232921,0.163080625,0.171629852,0.14647671,0.150129103,0.26666739,0.144486049,0.3556965,0.142791284,0.155563312,0.163427191,0.157887929,0.268717873,0.147290544,0.13923327,0.238927472,0.208222626,0.160017887,0.16061677,0.21378732,0.372825859,0.344104438,0.118744396,0.288661713,0.249683411,0.291908238,0.213434903,0.155021063,0.159222109,0.150487311,0.143498254,0.151095938,0.188339924,0.148558389
ATM,0.046720452,0.163948889,0.051098907,0.108646056,0.052230215,0.065072359,0.091098903,0.070356008,0.049085113,0.111788304,0.060812645,0.057689946,0.048574223,0.058289911,0.078371873,0.044548742,0.043760381,0.059140145,0.069812381,0.048864368,0.056614879,0.059495542,0.051026364,0.127265575,0.084473284,0.067782511,0.058413478,0.059811432,0.0698139,0.056545606,0.073866863,0.083411851,0.040368416,0.062990065,0.061537307,0.048885627
NF1,0.259583669,0.444979533,0.349229922,0.348787853,0.316145281,0.375777639,0.372346729,0.389197772,0.288864368,0.378219285,0.413871891,0.34763245,0.36523895,0.369407437,0.37629815,0.371184821,0.321039914,0.386816936,0.336260095,0.36223608,0.333203846,0.435212348,0.404860451,0.304306003,0.333128334,0.382285315,0.358049851,0.423469295,0.334540613,0.330151465,0.370103133,0.368668925,0.374123706,0.287954316,0.328640348,0.317882322
TGFBR2,0.123762387,0.109036013,0.083262378,0.083442392,0.08705199,0.055212204,0.073410222,0.058099023,0.104405667,0.075885458,0.053034297,0.06645266,0.10209402,0.045060847,0.05364783,0.050574075,0.049551681,0.084352034,0.10873952,0.080440677,0.110243649,0.079685236,0.059123504,0.111765061,0.092859706,0.079144337,0.091580818,0.048090864,0.097106075,0.070262497,0.063024458,0.072570351,0.03624383,0.063131579,0.098134747,0.085922216
CDK6,0.062384842,0.106213038,0.072089345,0.096398665,0.083917444,0.115515814,0.08365809,0.099964699,0.068121277,0.196852872,0.097631419,0.163185665,0.071880593,0.278589665,0.226560334,0.114223649,0.047577833,0.088532115,0.275854594,0.064423226,0.22742452,0.116620433,0.149150246,0.104754286,0.078272478,0.113209395,0.397689529,0.188700085,0.189270181,0.115767344,0.055221471,0.05347028,0.108111526,0.068805933,0.091893441,0.059798345
FBXW7,0.193243434,0.27399156,0.244302895,0.267468213,0.225669682,0.274418379,0.235293341,0.249551587,0.195326149,0.290793533,0.263357246,0.269444931,0.242909883,0.271768482,0.274630645,0.182578144,0.193772463,0.269847338,0.25799304,0.21119384,0.254847442,0.274382188,0.172696614,0.268775591,0.250629209,0.254393243,0.235935209,0.253372361,0.216785941,0.257620182,0.263298999,0.284767858,0.271597388,0.197745389,0.24440639,0.236489022
LAT,0.493048328,0.780653883,0.66231891,0.552743289,0.587737488,0.801719064,0.756474579,0.714649195,0.324129018,0.848028394,0.746566007,0.871616855,0.67358185,0.79281121,0.762661911,0.780036868,0.419225267,0.752567357,0.66383713,0.622551542,0.678466307,0.827274775,0.803927811,0.725260553,0.788847651,0.769303622,0.699981569,0.791706087,0.755062228,0.753090796,0.74699537,0.279267915,0.857646849,0.808410854,0.659466429,0.523349908
TAT,0.489137949,0.647860441,0.481650456,0.521961475,0.521467428,0.616065903,0.586782144,0.572979501,0.489065519,0.62583784,0.538067469,0.365747936,0.48321176,0.391390349,0.434104678,0.323495927,0.436183008,0.523709973,0.491957062,0.386207843,0.484662723,0.647974172,0.636851685,0.474962851,0.164779819,0.581586816,0.518983342,0.612972643,0.523104599,0.485410268,0.391769222,0.513797973,0.408751292,0.49966775,0.448549835,0.373392269
FGF19,0.160044324,0.385141406,0.220243071,0.189442256,0.272943557,0.242983879,0.277872769,0.251826597,0.128557086,0.510836519,0.234908467,0.263731469,0.288328086,0.56473913,0.553393927,0.374746324,0.068398564,0.246970871,0.390137249,0.224888497,0.377914275,0.208323284,0.509029081,0.258348842,0.216697533,0.283442246,0.42453333,0.293607953,0.375576408,0.276272262,0.396108886,0.438677247,0.416186151,0.168657926,0.204804381,0.161367737
TERT,0.517450376,0.624570077,0.516143262,0.411615304,0.568882299,0.585947381,0.590572181,0.496304786,0.506335213,0.642954733,0.515795862,0.608336568,0.54707888,0.665590872,0.627709107,0.655294587,0.405249229,0.573976907,0.585893816,0.439040035,0.590088651,0.544748522,0.649311789,0.578936214,0.328778443,0.601887512,0.608267605,0.59348435,0.586975732,0.593064107,0.401355885,0.599588302,0.599224511,0.419662192,0.492918409,0.494207867
BRCA2,0.095002917,0.16699319,0.108706844,0.111094717,0.12071532,0.114447147,0.098560814,0.118044401,0.096929403,0.103763443,0.127409982,0.108559551,0.115669354,0.1177363,0.11988358,0.13048704,0.092204864,0.109913328,0.10715007,0.105436687,0.109357101,0.117691192,0.132341603,0.118141702,0.089523103,0.149335601,0.116805699,0.109117016,0.11090681,0.10001052,0.116528752,0.13641956,0.1189599,0.10040762,0.11942845,0.104135956
GNAS,0.457111182,0.559728846,0.507474941,0.481693425,0.472837839,0.438892928,0.566920911,0.435363066,0.480252565,0.640038589,0.432545743,0.531382931,0.490591078,0.692687482,0.687160168,0.534360571,0.35775665,0.541845982,0.566230361,0.459149593,0.50138509,0.507856306,0.548107081,0.514274215,0.442101553,0.502617584,0.579076293,0.438342697,0.516498622,0.543543305,0.336504496,0.448748055,0.530986757,0.438719102,0.436152173,0.440699979
MDM2,0.043684433,0.060259262,0.036779281,0.055699252,0.050657436,0.033176646,0.038179977,0.042935863,0.056485447,0.052072121,0.036545038,0.05830664,0.052153983,0.031650024,0.033479194,0.033512555,0.027790338,0.04375109,0.05888015,0.046788949,0.06324841,0.03511439,0.050653371,0.071199692,0.075604182,0.050485155,0.052098716,0.030360962,0.057326606,0.049694984,0.04422188,0.04119808,0.031760355,0.050352473,0.067946336,0.037673907
NOTCH1,0.230976283,0.28414978,0.285089844,0.20816647,0.263948623,0.245510755,0.167561312,0.246095004,0.281337637,0.213399451,0.250746087,0.192746114,0.269257573,0.163343785,0.178404499,0.165637105,0.157826101,0.178923441,0.235233706,0.206620592,0.23201907,0.188806288,0.26795536,0.282594356,0.164144474,0.204590711,0.25031258,0.184776609,0.233493328,0.182795437,0.172190001,0.199383809,0.166411958,0.216423945,0.246149067,0.244136184
NRAS,0.251274429,0.37699238,0.231490735,0.283799535,0.256823905,0.183173225,0.179134892,0.30640764,0.282824501,0.2917067,0.28797991,0.152404623,0.232676986,0.227077048,0.31165875,0.282411783,0.231691821,0.346060682,0.221929447,0.215108885,0.253777273,0.304145506,0.237777662,0.195547638,0.132642614,0.238883712,0.269146554,0.367734476,0.203068346,0.193420883,0.248205091,0.26713617,0.177935876,0.276884785,0.227947177,0.3179776
CYP1A2,0.606897712,0.675608704,0.525857874,0.525377266,0.611470381,0.684386331,0.640747065,0.593267898,0.623662209,0.655353292,0.674432497,0.51976819,0.636124883,0.599920397,0.620391133,0.615235618,0.406383808,0.637759515,0.567588488,0.605401509,0.567831185,0.644963708,0.646471603,0.582901476,0.492681659,0.646461656,0.609571598,0.67008766,0.575239008,0.561359712,0.371211967,0.601142204,0.690679736,0.436052874,0.584436031,0.60494286
FGFR2,0.445807532,0.193637732,0.457358368,0.44643371,0.345174899,0.121044714,0.159884506,0.396135496,0.472499154,0.401405576,0.142998557,0.141824474,0.353351511,0.108487574,0.371177514,0.118038458,0.49496836,0.23334359,0.423360984,0.332093992,0.304235009,0.213898776,0.13101494,0.366706785,0.38138761,0.197121686,0.412830778,0.137592797,0.214375963,0.418382165,0.389014714,0.365537388,0.078863962,0.303398175,0.405107031,0.386051351
CDKN2A,0.072329845,0.221268874,0.062245218,0.277847444,0.103046856,0.141129207,0.152136424,0.070539738,0.06791061,0.339330452,0.244056631,0.24166279,0.156747464,0.353799227,0.317112668,0.34885793,0.12638043,0.108638342,0.192706918,0.146228617,0.139681633,0.070533453,0.094754636,0.215842805,0.220086346,0.276929441,0.191105415,0.194584936,0.131410171,0.22914954,0.116811842,0.224700916,0.185321966,0.105046767,0.109713164,0.077630824
PIK3CA,0.039865492,0.03320326,0.044409926,0.043840226,0.047725324,0.031320966,0.031358712,0.04505211,0.037603182,0.044989684,0.066464211,0.037946437,0.042869699,0.035361569,0.070057607,0.07993047,0.085920468,0.037235992,0.051149391,0.045181641,0.048613826,0.038564924,0.038738796,0.054880451,0.049688022,0.042163604,0.048394767,0.050995068,0.042358746,0.046019293,0.055806643,0.037957282,0.053036041,0.0418324,0.047005422,0.034549125
CS,0.190923166,0.28944979,0.169236498,0.177150005,0.229292688,0.207004798,0.197433487,0.222819538,0.217406167,0.226591183,0.207365715,0.144590767,0.23555226,0.222273523,0.223042873,0.179714247,0.156669879,0.232673663,0.184957775,0.221549138,0.198260997,0.265229455,0.274546473,0.212720226,0.092363969,0.218383007,0.210328971,0.272155698,0.193646152,0.170856135,0.149347283,0.216302601,0.15643288,0.180470938,0.200903101,0.216391956
RHO,0.797883599,0.850171283,0.740079606,0.695946117,0.827159157,0.880646849,0.861846479,0.860355317,0.853511661,0.89774634,0.865818492,0.759004037,0.804705839,0.784799835,0.803532772,0.796761019,0.662632598,0.825483371,0.794535997,0.808424498,0.817139061,0.8695896,0.856955533,0.821196281,0.735645663,0.816332254,0.846512198,0.865799712,0.80550472,0.747149268,0.789449127,0.783967032,0.788040809,0.83669953,0.818045239,0.773277838
IDH1,0.051253704,0.045118265,0.052890237,0.052825331,0.055928523,0.043182267,0.040460677,0.039879493,0.0501281,0.057789599,0.03632476,0.057291115,0.054123076,0.034667502,0.05498702,0.037445872,0.034287941,0.045688209,0.062208909,0.050101523,0.065219701,0.050070662,0.053709423,0.066885515,0.06352035,0.055453835,0.065559166,0.051653184,0.058251151,0.048435802,0.045399196,0.050572056,0.035845548,0.055039422,0.056190634,0.043225664
CYP1A1,0.174351585,0.349797869,0.179226542,0.125071273,0.228199254,0.271398537,0.266546878,0.211912358,0.216049655,0.303788333,0.253834735,0.29229983,0.277118916,0.295943312,0.308604906,0.328066793,0.060657521,0.282936637,0.339683352,0.21669406,0.292581,0.298939621,0.31467819,0.300252657,0.085880697,0.304527591,0.262844081,0.343577901,0.299773046,0.237140758,0.25915011,0.273367327,0.292664704,0.094122889,0.18440448,0.147749367
ERBB2,0.249186475,0.204922244,0.198054286,0.209010151,0.220265373,0.180225262,0.193913425,0.195616061,0.291163552,0.197655341,0.177542194,0.184158921,0.235332956,0.156851281,0.191119593,0.211993469,0.15188504,0.178258947,0.221980968,0.19125625,0.222381144,0.200964021,0.189372566,0.201163556,0.17706628,0.180743264,0.219487039,0.223692369,0.196568306,0.180891331,0.169833514,0.208085815,0.17112662,0.189311267,0.208414664,0.233181364
SMAD4,0.051185504,0.060829412,0.057451973,0.053232698,0.056249486,0.058151494,0.056244834,0.041144417,0.046633519,0.055460165,0.055473342,0.055063021,0.053998724,0.048022723,0.051158987,0.045919518,0.057855788,0.046054339,0.064038001,0.049036065,0.061352398,0.06026383,0.046732023,0.068095513,0.052928486,0.046078341,0.057062191,0.044793374,0.060237779,0.055036832,0.042522535,0.049362442,0.044840088,0.058946557,0.054002585,0.061622682
BRAF,0.236647186,0.318444838,0.240098179,0.293637316,0.25073551,0.28910526,0.251361368,0.285741619,0.239071878,0.258135216,0.3198101,0.226367388,0.248845211,0.276049658,0.272259491,0.266543714,0.225994173,0.260081147,0.242574288,0.244949065,0.252189018,0.256630313,0.2594064,0.241929806,0.263663452,0.313014044,0.255174804,0.349471375,0.248921382,0.24305628,0.267011363,0.259056318,0.249130175,0.261834219,0.23554404,0.270051917
MAX,0.074169696,0.101997204,0.094952937,0.103118534,0.052958299,0.097175561,0.109096006,0.088897402,0.065064278,0.109904167,0.052688541,0.109815709,0.069573505,0.101569477,0.088247909,0.076704411,0.056989199,0.09570218,0.082481777,0.075217381,0.086182552,0.071554173,0.067504225,0.100047586,0.102399149,0.113512455,0.095251392,0.071614614,0.079140533,0.062350257,0.096255938,0.053542433,0.108490626,0.070161999,0.083755754,0.061240676
MTOR,0.338028445,0.338940747,0.339532055,0.331353936,0.341278486,0.324682065,0.327115812,0.31818989,0.353261405,0.317443188,0.318132865,0.319213063,0.351606236,0.315289125,0.339727281,0.325300367,0.316310036,0.325664954,0.338985327,0.325750863,0.320378266,0.328132146,0.33256356,0.328685838,0.313613431,0.359375408,0.308521011,0.317399135,0.320378744,0.329853371,0.319994828,0.335900675,0.319752133,0.328332963,0.334870919,0.325210381
PTEN,0.032768654,0.035937567,0.041981003,0.037288049,0.03608605,0.030794087,0.034441963,0.028236777,0.032260849,0.042757107,0.030169951,0.042916278,0.036299625,0.03481963,0.032590921,0.028589349,0.029918502,0.034446042,0.051468772,0.036622293,0.050981492,0.034967116,0.041328773,0.050734413,0.047654411,0.040156963,0.041569438,0.030245936,0.044976507,0.040177293,0.037080307,0.03866023,0.034854892,0.037670055,0.043451182,0.033629319
APC,0.072643542,0.094793614,0.246000234,0.127397627,0.080882552,0.063137891,0.080387697,0.139648342,0.081786789,0.403540206,0.092299664,0.061052924,0.076260216,0.402106659,0.359467993,0.052660701,0.075740686,0.086126124,0.294720455,0.086408988,0.115035409,0.077415803,0.07634801,0.106776343,0.394702602,0.09736883,0.335029916,0.082181137,0.081528568,0.053427473,0.060942773,0.080190687,0.063712838,0.068691742,0.087426869,0.089593171
MUC6,0.672450304,0.84437271,0.536600067,0.461387286,0.731557782,0.612154922,0.493238029,0.763955259,0.770081742,0.867037273,0.459859383,0.433807188,0.663936592,0.824638282,0.804871486,0.44860207,0.48960687,0.59212615,0.638382806,0.615282928,0.618201862,0.875861917,0.645472299,0.64344486,0.422106328,0.86249286,0.708639921,0.788868233,0.707576342,0.496761135,0.666210646,0.734452447,0.377650977,0.529637105,0.610553255,0.579127142
TP53,0.194180301,0.192598043,0.186252441,0.197647998,0.199118486,0.189722111,0.189588835,0.187831781,0.195245582,0.200127565,0.186611418,0.201923486,0.194708748,0.175666693,0.185343363,0.190689026,0.168215238,0.194654497,0.197251788,0.198507054,0.195341001,0.19538428,0.196508164,0.205822981,0.182406063,0.202497471,0.204232247,0.188921781,0.198263266,0.183569234,0.18565433,0.183858338,0.1832531,0.195674798,0.200751607,0.188980067
PCNA,0.065464584,0.060046153,0.072047656,0.064350217,0.071086552,0.058867912,0.061543543,0.061676077,0.056792632,0.070318654,0.0558934,0.06756639,0.068847561,0.056104161,0.058942634,0.056746534,0.056547154,0.062337705,0.075745969,0.07121338,0.070551821,0.067993019,0.063932897,0.073620131,0.063637619,0.06773935,0.072861859,0.057049874,0.076257243,0.069523662,0.060638291,0.066580268,0.056097428,0.066190829,0.069068214,0.059126052
MUC2,0.672602721,0.715655968,0.620004674,0.537547963,0.710778173,0.716344148,0.613553776,0.744180696,0.713263916,0.663886085,0.649889291,0.683228663,0.717337294,0.62673313,0.676297948,0.679718302,0.561540069,0.661614711,0.570532479,0.681726098,0.676367034,0.709122808,0.708117984,0.649446218,0.575817002,0.712048886,0.715880238,0.697576482,0.644542117,0.619245019,0.654518005,0.684330306,0.633634952,0.630499185,0.673172096,0.643560869
CD4,0.372621792,0.576955527,0.432336808,0.41816691,0.474136683,0.631360472,0.610302621,0.530849309,0.368539234,0.649888856,0.526811009,0.625857907,0.547246075,0.492844855,0.56045921,0.586781047,0.264589569,0.57768614,0.524228881,0.512940655,0.518871568,0.606885328,0.60829705,0.58171282,0.592204902,0.522791131,0.545130402,0.578347584,0.579156182,0.536713726,0.376533794,0.569221884,0.61844117,0.603839977,0.459819101,0.436173176
KRAS,0.074161767,0.097980701,0.056877737,0.057657299,0.085492719,0.06607625,0.061986556,0.068498747,0.100195463,0.061334167,0.061246653,0.066269317,0.076268681,0.042295448,0.055935743,0.067682557,0.038019994,0.058714079,0.070617816,0.066195966,0.088207347,0.063697818,0.06694891,0.077358551,0.070278277,0.096838787,0.078395506,0.061360885,0.068318138,0.069459848,0.070637775,0.068836606,0.054217739,0.059119844,0.075603972,0.076033816
MUC1,0.21695611,0.412515851,0.210166943,0.219945046,0.211923086,0.242668127,0.256502874,0.318899339,0.267858397,0.2103648,0.299955297,0.245689032,0.266008104,0.227831628,0.244792971,0.238334665,0.111013784,0.266637175,0.239767467,0.233108789,0.26208818,0.267023734,0.277284621,0.258642313,0.196877628,0.263922042,0.215712292,0.249057669,0.246992651,0.116753635,0.247216945,0.26603948,0.225752857,0.286123902,0.251027783,0.283988379
EGFR,0.229950337,0.259121742,0.223394005,0.293515847,0.236745977,0.206915933,0.193969676,0.193503331,0.250998272,0.207110985,0.24851555,0.182882179,0.229041419,0.132411839,0.170131229,0.181214986,0.149375384,0.162491156,0.201385805,0.235152408,0.226084158,0.240319132,0.295025951,0.210200578,0.161196229,0.281054234,0.216465524,0.179251152,0.165541212,0.201283679,0.171222282,0.212565991,0.156253734,0.180173214,0.195505018,0.165623869
MAZ,0.122119136,0.367170588,0.134604785,0.123558896,0.120860643,0.11237454,0.112231028,0.205571948,0.124785931,0.13206065,0.12216139,0.123492582,0.12485497,0.108713448,0.112030328,0.104793063,0.116165804,0.12247926,0.126953933,0.129799434,0.201201987,0.424784846,0.128369499,0.127410365,0.12749723,0.428131925,0.170824646,0.144678056,0.138390898,0.121333613,0.125009619,0.0806532,0.121430443,0.126780267,0.13631536,0.133639871
SFRP2,0.350427331,0.48932441,0.502166969,0.36586222,0.264029792,0.45305688,0.470995244,0.375611321,0.25643135,0.706679833,0.271818995,0.472776458,0.406884951,0.767939389,0.688886439,0.531056829,0.144915036,0.361901363,0.552203138,0.292790671,0.469553039,0.360477267,0.503699849,0.462107103,0.233921378,0.387165206,0.498006377,0.477525388,0.554924695,0.675581235,0.16379207,0.588079612,0.657763015,0.132407119,0.290917157,0.266990135
TK1,0.213466232,0.186613571,0.223205664,0.142857254,0.196124797,0.153382542,0.15690035,0.162450861,0.221649596,0.190158951,0.162970562,0.139696395,0.210213366,0.142578401,0.111659982,0.184804357,0.091775948,0.182084537,0.175487198,0.202345829,0.204597204,0.203799019,0.196140604,0.205892194,0.10833314,0.207440123,0.188557752,0.168316531,0.202849777,0.158412453,0.141905709,0.175349544,0.12513042,0.133139814,0.201973839,0.20830557
C5,0.415145935,0.467524018,0.455001475,0.418780911,0.346825285,0.457765705,0.45704316,0.354041888,0.4380598,0.407169165,0.434461973,0.244231141,0.29892692,0.429642794,0.252092242,0.396865836,0.273257449,0.251247901,0.391606449,0.243882951,0.391415798,0.262610158,0.394534969,0.246331853,0.058042391,0.442173984,0.346896987,0.421710796,0.214006049,0.209668483,0.25870375,0.230906831,0.371522559,0.132733606,0.379346001,0.414830915
CD2,0.558101604,0.887868008,0.754705013,0.797126643,0.772634813,0.877056544,0.836514669,0.790675863,0.608854059,0.853555002,0.811286885,0.630633731,0.586106356,0.84742336,0.877651147,0.839959874,0.643731548,0.830980796,0.68511415,0.813947264,0.679667301,0.890481532,0.794564706,0.698492726,0.567658628,0.787311188,0.640497286,0.837285376,0.773718243,0.821491401,0.823490849,0.848906539,0.914350607,0.821092926,0.711535311,0.730667144
SOX17,0.415777531,0.58239283,0.470025527,0.081128427,0.391144485,0.363589175,0.585743652,0.352951203,0.266427286,0.685758499,0.31474604,0.596627289,0.465767588,0.743839837,0.68806424,0.663194757,0.244196834,0.569138662,0.559071257,0.33365556,0.448968074,0.211404651,0.532119126,0.416546217,0.111362975,0.393737273,0.463032364,0.529071804,0.589180861,0.532168435,0.10082687,0.66197253,0.676939933,0.157626863,0.28953855,0.323050268
VIM,0.090216085,0.516365309,0.113160806,0.121943369,0.118617433,0.20190204,0.328783231,0.254226104,0.066374698,0.220081162,0.254236016,0.073707176,0.153935638,0.108107241,0.329706742,0.125976098,0.056051504,0.154825486,0.12933472,0.093641639,0.09152517,0.274257129,0.622430086,0.149013875,0.197657101,0.261691386,0.1516293,0.305356086,0.247036932,0.089119785,0.077497925,0.067172252,0.175852479,0.082940637,0.132081444,0.079857691
SOX9,0.131603839,0.066248608,0.090519532,0.098512204,0.150647911,0.121529355,0.115123626,0.073516895,0.135221615,0.165217451,0.059635446,0.059450944,0.107353757,0.035704698,0.101522077,0.039291403,0.039520955,0.057851706,0.125122411,0.106661602,0.102824639,0.054147956,0.050313369,0.145207622,0.068259023,0.059441719,0.141188741,0.048003501,0.094388704,0.067349721,0.080657733,0.054588749,0.037875769,0.071744116,0.093344699,0.092743643
CTNNB1,0.213890833,0.273546355,0.257461728,0.206990796,0.216726659,0.264667426,0.253881557,0.255443886,0.223470785,0.212966186,0.249954326,0.201336006,0.210077677,0.22103715,0.272461174,0.229899332,0.221008393,0.240200238,0.209814707,0.222585371,0.252183682,0.291721936,0.231855036,0.180108472,0.176826204,0.25400645,0.215997474,0.230079828,0.250629037,0.208745086,0.189165306,0.284592224,0.223157287,0.208853443,0.20881151,0.239574238
SFRP1,0.354765143,0.615032001,0.510828271,0.453152124,0.324366615,0.444146942,0.364627889,0.410259918,0.25021356,0.584035615,0.290686442,0.58700588,0.478537696,0.588721983,0.576398447,0.401620181,0.199644235,0.307864382,0.445026846,0.301739903,0.373277108,0.362497823,0.632773899,0.412392145,0.269807173,0.420991959,0.404354511,0.53785964,0.507173542,0.536863303,0.112952074,0.589213199,0.545442361,0.226141371,0.327126412,0.310401428
C2,0.423012461,0.57593523,0.415292984,0.376761114,0.525134774,0.566527064,0.534665092,0.452170613,0.561450461,0.583588309,0.506090582,0.529062134,0.558365971,0.483947162,0.530822641,0.366176252,0.237136556,0.492495836,0.400495216,0.307338447,0.487721961,0.582435089,0.578928236,0.499995196,0.103816461,0.397934293,0.520844113,0.521138485,0.470498657,0.424407903,0.388553717,0.576879744,0.357306144,0.298896881,0.44867058,0.460648679
C3,0.509805563,0.629180884,0.506619901,0.594432414,0.371554934,0.588640085,0.189231764,0.364250445,0.609597468,0.575984675,0.333288556,0.130503558,0.379407496,0.163362176,0.338727264,0.196185748,0.253042852,0.228489926,0.336821596,0.25186893,0.344089582,0.191689246,0.346071444,0.253326605,0.147557345,0.232470747,0.336556237,0.478645516,0.227263151,0.192599024,0.142036736,0.469378021,0.092217994,0.333722706,0.41600765,0.443435919
IDH2,0.112876379,0.147086111,0.114194383,0.125339357,0.027047559,0.125558067,0.1236427,0.121271301,0.098421342,0.125404873,0.123435616,0.027102407,0.026250291,0.120463227,0.120052594,0.124854564,0.11991227,0.122422135,0.107452275,0.030704218,0.116983597,0.124019103,0.121852022,0.034009844,0.11438697,0.118218442,0.11316485,0.124600857,0.029675381,0.02871733,0.125060398,0.118093879,0.121892969,0.046966122,0.119298469,0.119225534
EPCAM,0.317742639,0.30239872,0.296528431,0.292413006,0.298150966,0.290126714,0.276108802,0.297813202,0.327680988,0.294048935,0.310400177,0.254601784,0.315540339,0.274913089,0.287840071,0.290677168,0.29680296,0.29526359,0.30806669,0.27543808,0.304168443,0.292019728,0.306551545,0.287173436,0.236396646,0.296040545,0.300993311,0.307139964,0.284019662,0.272948518,0.304010512,0.3150645,0.288802002,0.265841054,0.293173992,0.338753341
EGF,0.565975257,0.8629856,0.588699733,0.698903003,0.635777655,0.778853774,0.735777264,0.751762651,0.635954339,0.777704701,0.774927318,0.733981191,0.652228465,0.657241921,0.707957774,0.689454302,0.652934507,0.697285302,0.629031464,0.655673395,0.700747981,0.818085686,0.8342842,0.550424056,0.629364509,0.714226591,0.625160756,0.875587385,0.706091723,0.666703154,0.6356017,0.519167225,0.82071758,0.630744085,0.554446733,0.68074626
KIT,0.140071233,0.52235178,0.090405363,0.13185367,0.136475966,0.195306912,0.142099625,0.176299294,0.149657755,0.611237089,0.270779007,0.152952251,0.175649222,0.61418938,0.597515728,0.134320608,0.059176059,0.227178513,0.564134312,0.156776119,0.410060339,0.200081396,0.593833541,0.149367087,0.139384819,0.286129515,0.503682502,0.399291334,0.485292115,0.176881773,0.115413323,0.190391525,0.109662815,0.158453314,0.276550445,0.217600926
MBD2,0.178882925,0.211198169,0.172452288,0.170429758,0.16913183,0.161073398,0.160765677,0.167220617,0.174552545,0.165231243,0.166080193,0.12401357,0.174573338,0.154714254,0.171067302,0.166594377,0.162734861,0.163160307,0.168006957,0.158455844,0.176610118,0.162976572,0.167260834,0.17851802,0.16971279,0.172263232,0.171148974,0.161688821,0.163110267,0.133414527,0.160273039,0.17348507,0.165136322,0.158001814,0.170261241,0.180222169
MTA1,0.275352391,0.345946808,0.272105371,0.284632811,0.2996299,0.310527584,0.306870407,0.310233445,0.300879401,0.302114101,0.335260702,0.273982669,0.288969642,0.320235507,0.348863871,0.322484278,0.182346942,0.300132982,0.282696034,0.295312326,0.305487101,0.32331729,0.354996848,0.309516467,0.298812036,0.33002178,0.307122595,0.325631696,0.287571412,0.293039019,0.278355132,0.304385036,0.309492041,0.271353027,0.291254787,0.293762873
CA9,0.74517802,0.518609891,0.563594501,0.815487785,0.680485726,0.300620598,0.561331129,0.685100889,0.885119773,0.47952523,0.399537925,0.395605982,0.585846333,0.289491569,0.613412308,0.201101947,0.37663902,0.498650965,0.637906886,0.58227871,0.734509294,0.456215502,0.318282556,0.650493905,0.67389143,0.445056317,0.718067132,0.331284611,0.554622144,0.408464722,0.484030676,0.578549897,0.128861633,0.36754923,0.704154443,0.638542521
IGF2,0.410737106,0.513005353,0.432990693,0.291395479,0.366669551,0.433662637,0.435894567,0.538501242,0.291497228,0.519466171,0.40945792,0.448620261,0.427316683,0.492955917,0.566180577,0.483980974,0.26518718,0.45926287,0.569435689,0.417820348,0.525903219,0.40693563,0.564911442,0.43241908,0.438049438,0.406758873,0.458972478,0.518149006,0.443781712,0.425060817,0.296939152,0.530719026,0.482503098,0.280626668,0.396181485,0.355488397
NGF,0.35666485,0.600113226,0.214833865,0.256356182,0.200875764,0.174357781,0.338573554,0.266537451,0.235107806,0.534402432,0.211641597,0.442832173,0.204041743,0.502023711,0.649593207,0.393202148,0.080702534,0.212566703,0.530026686,0.250879864,0.431265385,0.182816562,0.396152454,0.230143949,0.089103501,0.378906466,0.501679994,0.474994062,0.407614207,0.252311801,0.295353263,0.374942377,0.216031089,0.164062766,0.122057712,0.228798873
GSTP1,0.143589536,0.350577253,0.103884996,0.09480398,0.122577155,0.049556888,0.281885959,0.318130551,0.160660313,0.07032769,0.321175963,0.07016618,0.170514717,0.048318227,0.056024451,0.337427288,0.047704388,0.117182242,0.111010848,0.130245831,0.159344217,0.133133195,0.378450821,0.091581335,0.304778333,0.219292012,0.094200683,0.15522818,0.082900398,0.067045955,0.059126168,0.242605009,0.049933273,0.128774869,0.108123294,0.14761077
MMP3,0.649021414,0.67532503,0.691870716,0.700518381,0.700854611,0.759044219,0.733824658,0.667713417,0.661150035,0.716907138,0.655675602,0.659422041,0.6866916,0.640872866,0.73793281,0.738303736,0.570801353,0.71071858,0.667131005,0.641234884,0.630167531,0.713342614,0.651072589,0.614807093,0.604252193,0.578504368,0.64761096,0.721015801,0.67889615,0.679381828,0.49632166,0.7322838,0.716183394,0.503711454,0.627655081,0.659852272
GFAP,0.750904716,0.864485953,0.725196071,0.791932215,0.788928143,0.889162336,0.859814396,0.855224684,0.798890272,0.871986388,0.82570892,0.677189197,0.779501186,0.716585642,0.830541557,0.767735501,0.5437154,0.752072301,0.776751515,0.850147272,0.797086983,0.797551138,0.879361883,0.844959576,0.825342993,0.775930403,0.810955946,0.882300332,0.794283322,0.744818433,0.72362523,0.791761545,0.789450419,0.764737773,0.773539487,0.749893933
CD34,0.302747257,0.668684952,0.37098377,0.653990439,0.434518793,0.56364481,0.489747033,0.558468676,0.210330858,0.727149285,0.53571281,0.498975631,0.531524195,0.761464316,0.74301978,0.651758684,0.338266727,0.596757298,0.673965238,0.408963159,0.528299697,0.535826666,0.797532053,0.568462736,0.347742906,0.542535128,0.601689341,0.612848893,0.563459934,0.577891849,0.50163472,0.637513006,0.479186667,0.34590853,0.379039869,0.330866985
CXCL12,0.160246564,0.42320869,0.182986103,0.165107516,0.22105181,0.252530123,0.25235493,0.296328419,0.21825446,0.423128019,0.319878891,0.306578943,0.248533532,0.333739086,0.31992966,0.399419573,0.197183398,0.356784759,0.247758383,0.224999453,0.239718271,0.30261337,0.363103867,0.240339072,0.172424412,0.344416734,0.361461241,0.334658003,0.365425261,0.286904272,0.23064239,0.233760821,0.260182782,0.237634694,0.222914577,0.352270119
DAP,0.033875396,0.329197773,0.043727819,0.040249463,0.038349699,0.033214756,0.032369209,0.104444325,0.032680401,0.04739291,0.038200104,0.052734856,0.044891407,0.034047456,0.036307885,0.032145306,0.026111467,0.035445147,0.055025098,0.03525948,0.058142359,0.037558543,0.262773639,0.049525701,0.044388364,0.046650887,0.035445574,0.07524017,0.04271478,0.041927003,0.037722562,0.037428741,0.03220766,0.034545405,0.040791321,0.038937813
FADD,0.02816743,0.026255789,0.038870123,0.034730996,0.036792667,0.025746976,0.029029477,0.027509391,0.028865123,0.038590391,0.023543441,0.036676101,0.034719784,0.023918353,0.023556231,0.023850645,0.024087831,0.028349321,0.042735551,0.036140298,0.045098165,0.032112545,0.031650804,0.049870134,0.046986795,0.036935894,0.037239737,0.024187308,0.043706556,0.033653446,0.030234245,0.032893937,0.022253964,0.035361046,0.042538164,0.028182759
LOXL2,0.139560158,0.3377761,0.111417097,0.112760731,0.150247397,0.210284739,0.133902515,0.247480559,0.153758872,0.309134439,0.155979475,0.179769743,0.192123334,0.410939596,0.31158861,0.235932775,0.107472143,0.167259958,0.172550894,0.128907573,0.257186785,0.117716404,0.492277171,0.208626088,0.119828835,0.200148003,0.160635079,0.273149823,0.202555269,0.176166637,0.132722004,0.214604221,0.213875025,0.139003782,0.122422602,0.103646011
MCL1,0.069373513,0.132581862,0.074796623,0.082885769,0.097003509,0.057857219,0.091991119,0.069400368,0.078012771,0.116708661,0.13349165,0.124686304,0.086517352,0.034968052,0.067937512,0.090137524,0.087920469,0.109972558,0.08820454,0.11502446,0.089549275,0.115823273,0.134919895,0.115475207,0.091486645,0.107737454,0.085096308,0.087524613,0.078257343,0.060581674,0.065466397,0.081618454,0.053039447,0.071480189,0.069477128,0.067222582
MUC5B,0.549433979,0.664499305,0.435315118,0.447975463,0.55871301,0.383728465,0.468875226,0.548879715,0.652092359,0.526461314,0.562416821,0.335400139,0.558190549,0.454594871,0.513661656,0.446503311,0.306554269,0.478524328,0.467813411,0.524275521,0.609578634,0.515891428,0.473032704,0.518946493,0.378218912,0.551128283,0.572149667,0.687506133,0.51674894,0.394580037,0.386000487,0.526269002,0.350311563,0.494268928,0.493201165,0.585597975
SSTR2,0.071779942,0.217758977,0.132107826,0.112074617,0.083407529,0.057256102,0.170307258,0.185110868,0.067304838,0.434642648,0.216311829,0.084430666,0.228550423,0.384460296,0.520157023,0.106557215,0.053800202,0.134814821,0.419358168,0.056537396,0.356452327,0.067119902,0.370364461,0.121354326,0.05736054,0.189934771,0.294956192,0.248825701,0.257351894,0.168769766,0.10294676,0.199914039,0.283715724,0.044821014,0.114139158,0.115980695
FOXM1,0.090614246,0.088094061,0.101123661,0.097431995,0.09325558,0.108826273,0.088635466,0.101141014,0.094506323,0.097042347,0.108708239,0.100509392,0.095926489,0.098857663,0.093402279,0.09652834,0.092164575,0.090844506,0.100012661,0.093061432,0.106891143,0.092675044,0.103672676,0.117474345,0.1165336,0.096978886,0.097699363,0.10987242,0.104533236,0.096263548,0.090391582,0.105378807,0.081531389,0.099541123,0.113002127,0.088687073
PDCD4,0.19172621,0.26841397,0.216864462,0.23323544,0.23001049,0.225244889,0.219486997,0.220410977,0.192138161,0.255480216,0.223285162,0.198057053,0.226022782,0.205015852,0.201140421,0.227564731,0.192994098,0.213777246,0.22261371,0.221777349,0.222059776,0.25500614,0.237499581,0.230844787,0.212163864,0.25108147,0.226790305,0.22116284,0.239289752,0.212796176,0.217855281,0.228949885,0.198963001,0.074201036,0.218822274,0.219578915
CYP2E1,0.543038278,0.360980883,0.614156398,0.233592494,0.299557984,0.294601987,0.296945378,0.528034349,0.457940085,0.500725482,0.176185526,0.171848212,0.506340505,0.364876861,0.518109921,0.50270833,0.19197972,0.287262096,0.55096449,0.315463886,0.515241332,0.240232121,0.358386947,0.32490557,0.115584765,0.514787773,0.504722611,0.478809292,0.518030157,0.171490723,0.175389727,0.366061732,0.369454808,0.270325586,0.437336389,0.492118176
AKT1,0.277302994,0.348810432,0.283206798,0.294694251,0.31612603,0.328589135,0.334266347,0.285351263,0.292775368,0.359348087,0.317340845,0.254662506,0.32718831,0.254448064,0.317761047,0.329524174,0.179380464,0.340765947,0.289572783,0.287298395,0.311210334,0.357642875,0.350103848,0.332149857,0.202900494,0.344766916,0.302050055,0.314668928,0.315427382,0.260270899,0.293743755,0.304524773,0.326358537,0.272489117,0.302432099,0.311476822
DMBT1,0.183538833,0.429860117,0.168629982,0.274489963,0.239129584,0.383154892,0.297580293,0.385009975,0.191760177,0.386222833,0.267744435,0.200034742,0.292145242,0.232870148,0.423668374,0.267180501,0.115822689,0.284163344,0.249401095,0.22102779,0.277459603,0.338865924,0.416138013,0.327136628,0.336369127,0.245532675,0.343277768,0.429066748,0.260187431,0.169862829,0.246928235,0.386455694,0.121156685,0.294447842,0.261099869,0.25784188
RECK,0.191771324,0.35613275,0.162894937,0.251018343,0.352594008,0.378998532,0.342501382,0.348748058,0.31650746,0.438022984,0.344710482,0.348381264,0.325823916,0.354116395,0.415850367,0.352994484,0.229364062,0.320722787,0.358356292,0.347577748,0.378470317,0.357587477,0.360104653,0.237921369,0.195809827,0.341921566,0.468000913,0.41511542,0.205430645,0.199246503,0.324538078,0.372394043,0.342990709,0.217614794,0.209343748,0.219184348
SOX2,0.170860587,0.489693622,0.26043622,0.361914798,0.321896804,0.352018353,0.208056168,0.321881921,0.205128667,0.470846988,0.290558559,0.380650518,0.270511595,0.519865797,0.431183061,0.177266722,0.052217867,0.217274575,0.368554052,0.130544506,0.414073384,0.32641004,0.683744606,0.232967379,0.076932539,0.388638092,0.367542474,0.565310996,0.468516492,0.174005804,0.134838916,0.387137953,0.578202716,0.125359448,0.178410086,0.228048622
SALL4,0.475997904,0.708642082,0.382180073,0.358915556,0.575348192,0.70627482,0.649954518,0.61064338,0.630557441,0.623843256,0.684972302,0.156695139,0.420254288,0.150750371,0.673881957,0.644148796,0.274935333,0.191562058,0.613248127,0.257493668,0.355938771,0.585115918,0.671108271,0.605322318,0.131455487,0.661648195,0.620664273,0.671508733,0.613865657,0.20722714,0.627159246,0.637796659,0.350500909,0.370032941,0.33974523,0.51423141
BRCA1,0.350682944,0.364143492,0.348969543,0.373326747,0.291214253,0.23016572,0.409038793,0.372712165,0.398086159,0.358138556,0.393449541,0.387969498,0.440964087,0.437649561,0.295055683,0.421835773,0.298325301,0.412013868,0.315882006,0.399741353,0.405919155,0.311475481,0.439037283,0.430860988,0.164877491,0.415166407,0.42621793,0.313339012,0.403059586,0.379004863,0.158605983,0.350396969,0.422610465,0.229818733,0.41736632,0.283231875
KL,0.283958412,0.446133742,0.270937484,0.160848477,0.2572453,0.336771191,0.248969574,0.331626114,0.114149481,0.544948342,0.259817951,0.446129605,0.199486311,0.101171061,0.56076123,0.345612925,0.088401687,0.372108968,0.457396921,0.207881505,0.417552442,0.351819944,0.636409798,0.32177594,0.299748728,0.387404016,0.285676253,0.449006911,0.472766646,0.394455477,0.309885076,0.286322748,0.622565613,0.139818622,0.266545493,0.193252211
XIAP,0.051539921,0.277354314,0.44796112,0.432221188,0.061515268,0.376438498,0.036660169,0.387507912,0.439988886,0.067613468,0.028992852,0.067821975,0.468185611,0.077085627,0.435228686,0.397181543,0.025565994,0.407754434,0.062478107,0.053372777,0.066156103,0.404974407,0.450498991,0.443712185,0.061147435,0.458671111,0.453335955,0.026726772,0.430851431,0.481820276,0.198510472,0.040113723,0.027626066,0.341760456,0.060313268,0.03135879
TG,0.627834112,0.71187229,0.597348264,0.646868439,0.674880844,0.752733694,0.734027279,0.640977986,0.624052847,0.739731249,0.571880224,0.68840727,0.708587053,0.679536651,0.737814751,0.751033974,0.346422838,0.734275787,0.678070071,0.682047845,0.624728806,0.71727648,0.707792153,0.683770752,0.69917547,0.639421299,0.61940144,0.707752288,0.658830368,0.673303417,0.330671853,0.70503448,0.715267181,0.657078563,0.565942524,0.635646739
CAT,0.03486164,0.050976554,0.046054017,0.077152914,0.072150726,0.031681562,0.029612113,0.034840642,0.072587588,0.046794886,0.026533423,0.048610063,0.09854158,0.027501041,0.028419337,0.025723713,0.030071861,0.035888675,0.046618822,0.058198155,0.058519609,0.053092556,0.039098582,0.087069055,0.05407243,0.042760924,0.098820084,0.026550263,0.051758378,0.042115771,0.038554552,0.037343234,0.023576997,0.04014339,0.058929373,0.03188777
AFP,0.887213844,0.952329911,0.852835343,0.923058097,0.914438917,0.940944657,0.943727915,0.935621109,0.921381548,0.953868089,0.931106581,0.935337099,0.939220895,0.943352962,0.880872188,0.933293445,0.920762764,0.946554752,0.898925127,0.909847789,0.88661619,0.947314451,0.940234463,0.869775666,0.84279321,0.917701583,0.935263722,0.930810071,0.899991869,0.931542204,0.923753298,0.940483562,0.936801141,0.954744408,0.898709045,0.832154211
MET,0.122855691,0.11199133,0.081553,0.102504214,0.097119396,0.106845603,0.091317846,0.108153021,0.127782124,0.092766732,0.076650392,0.05081183,0.112205706,0.029423886,0.056249719,0.052145025,0.034813239,0.059678195,0.092270078,0.078425856,0.094648714,0.058974996,0.129414708,0.101154556,0.056784539,0.060725321,0.100043178,0.104175387,0.080069597,0.052090117,0.049984909,0.059469671,0.028895495,0.079975788,0.088630613,0.069922259
BAP1,0.098027319,0.085957493,0.121432624,0.099862509,0.111104925,0.084235156,0.091885486,0.092265581,0.091074489,0.140980672,0.10190883,0.102122445,0.10822103,0.081118891,0.080851293,0.083473677,0.072314703,0.09619752,0.110701276,0.106741159,0.114829342,0.107136273,0.088071615,0.117658744,0.093380268,0.11090134,0.106664169,0.080271724,0.107433544,0.100527425,0.087355394,0.113774979,0.097996993,0.094094129,0.108735257,0.08367712
ARID1A,0.120788735,0.175030978,0.130048725,0.130880785,0.128051223,0.124423934,0.117929674,0.116335776,0.106964175,0.140768291,0.179593683,0.12098816,0.140049738,0.107354658,0.119157354,0.118489319,0.112508588,0.126056316,0.126344191,0.135281813,0.132402642,0.173887323,0.139554485,0.170040611,0.131196304,0.166273647,0.130743458,0.113832976,0.132475262,0.133688535,0.115150337,0.138768643,0.117347127,0.130348394,0.121549395,0.115669478
MSH2,0.030946394,0.024317628,0.034479063,0.033746718,0.033449678,0.01991599,0.026657478,0.023397968,0.030031461,0.035605098,0.021885244,0.036030155,0.034598135,0.020583166,0.022518031,0.017579032,0.018983486,0.025392762,0.036901357,0.034637829,0.036585272,0.033351682,0.031131683,0.043055349,0.038918412,0.033412672,0.035168265,0.020330327,0.041755447,0.034181029,0.025910945,0.030212405,0.019962207,0.030426522,0.03903913,0.021885751
MLH1,0.066887503,0.07558898,0.089710039,0.075726341,0.05637884,0.043983635,0.046670231,0.063280307,0.065366534,0.070553461,0.08057287,0.143492257,0.04733955,0.033447595,0.058359076,0.057523805,0.04245071,0.074416591,0.086778754,0.059774634,0.082406078,0.049520311,0.048639753,0.080178318,0.061504832,0.09181774,0.0526709,0.070385308,0.065142859,0.041485473,0.03941883,0.069525409,0.069553011,0.072233524,0.082341689,0.079481297
FOXP3,0.71246457,0.692705357,0.638475839,0.677370747,0.752237203,0.742474453,0.758329754,0.643154625,0.683197666,0.761325253,0.761577095,0.757150484,0.720384939,0.746086926,0.719272857,0.702103868,0.651234442,0.711006117,0.703870315,0.750109025,0.727974039,0.710039756,0.613521869,0.697925646,0.699914462,0.699709326,0.703011632,0.773089431,0.658237228,0.703881329,0.574660679,0.739292507,0.77422455,0.686396943,0.713180938,0.705574824
CD163,0.426272943,0.449649078,0.366181908,0.422605417,0.445442182,0.31777794,0.402999931,0.334479722,0.444740417,0.315584408,0.339495211,0.461682174,0.448190795,0.465182299,0.477487427,0.473074505,0.20739445,0.457567774,0.370570823,0.22463453,0.450639783,0.429553072,0.212924283,0.439035671,0.427437799,0.425256247,0.360281702,0.466197632,0.326313819,0.44216255,0.132978303,0.431688524,0.47680273,0.335108074,0.346002676,0.46441927
ABCG2,0.0604207,0.406045471,0.073498548,0.052396895,0.08448497,0.085207366,0.15586971,0.156611456,0.065926318,0.392305456,0.129711565,0.129030988,0.128933536,0.107629707,0.379383172,0.145677863,0.031485953,0.198475678,0.15413203,0.045135234,0.112191145,0.159718643,0.574744405,0.132565191,0.072173835,0.297090641,0.232924417,0.342156065,0.141113327,0.116044071,0.057040137,0.116423149,0.082397988,0.067691524,0.05771533,0.062969135
ANG,0.110436236,0.130502156,0.089389718,0.077908525,0.109596921,0.047520604,0.072873289,0.280733964,0.131847192,0.097727297,0.060685527,0.092777217,0.098833349,0.047813208,0.082894113,0.195940929,0.093484089,0.087974285,0.092508362,0.106062902,0.102242768,0.064798439,0.082396509,0.093210467,0.065133516,0.097097412,0.097588788,0.064449121,0.080362002,0.074098576,0.077127947,0.07775859,0.055414473,0.063227569,0.122197714,0.09587096
MUC4,0.647975221,0.675786309,0.663238629,0.623144513,0.686293448,0.677297773,0.727839084,0.647059623,0.675135015,0.748270849,0.54146206,0.689247444,0.702775881,0.742480774,0.679480438,0.65400618,0.547811318,0.667183547,0.691550318,0.646749589,0.675527144,0.671615853,0.613687252,0.721279341,0.548516293,0.638670898,0.67159715,0.723319039,0.703445646,0.657750022,0.469278426,0.677296209,0.641780701,0.624618624,0.678552938,0.632395016
MIB1,0.383731534,0.441275998,0.380831829,0.386767204,0.384462943,0.415619644,0.417199648,0.367042853,0.310310967,0.393207144,0.401939216,0.345267751,0.408080785,0.417541509,0.438969516,0.420485439,0.405915934,0.404812523,0.368196118,0.373064976,0.377686703,0.426436742,0.393771549,0.333538477,0.347011664,0.412365914,0.391761716,0.415781257,0.352161895,0.374294875,0.397282037,0.430825472,0.422445042,0.391689147,0.37635915,0.411594237
ACE,0.135534879,0.279574154,0.14432647,0.117144776,0.14423473,0.126570223,0.1228362,0.230151123,0.139516597,0.117840236,0.264761585,0.140696948,0.129228268,0.100931383,0.107508147,0.103640734,0.077887545,0.118110823,0.129981769,0.140904859,0.144503956,0.185457031,0.255266772,0.152764854,0.118731259,0.244082594,0.13641402,0.204437588,0.131090532,0.129976505,0.124404078,0.119811048,0.141307135,0.112164311,0.147874879,0.131472163
RAC1,0.156981011,0.240108979,0.162478501,0.190138307,0.179573602,0.163431103,0.173526799,0.157534374,0.161975849,0.191526904,0.181601395,0.174813412,0.194058539,0.154421545,0.167875032,0.194113198,0.098358391,0.160065116,0.164747858,0.172484718,0.206744032,0.142290058,0.22552441,0.178886082,0.17518492,0.206199451,0.174727197,0.200591515,0.183313716,0.174492616,0.144872825,0.185002584,0.163575352,0.194759242,0.17153901,0.178042253
ALK,0.226974507,0.241142534,0.278815207,0.270861342,0.26342588,0.276893694,0.258458351,0.319999206,0.231978845,0.593344179,0.2387173,0.465485417,0.318220813,0.655282284,0.382113181,0.411181734,0.142142745,0.263453986,0.536809762,0.214717017,0.464037129,0.170779517,0.376257852,0.285185623,0.163725675,0.227548024,0.484439409,0.506229106,0.493014366,0.338007528,0.230316487,0.299543641,0.649058188,0.17226589,0.313661753,0.216237714
ALB,0.353431702,0.16599259,0.182237612,0.154896286,0.226203023,0.114519748,0,0.362124178,0.311335419,0,0.115549107,0.134065526,0.172966911,0.041633604,0.110275456,0.090130336,0.126219497,0.166355421,0.175355418,0.195398546,0.18342846,0.122529111,0.116162203,0.119261011,0.116937442,0.125025745,0.191002345,0.086246713,0.092945944,0,0.129386261,0.150504637,0.07913083,0,0.151554315,0.298687107
AR,0.367193904,0.52874649,0.496723741,0.497437581,0.400059442,0.491552438,0.268004546,0.427613272,0.534112809,0.692915775,0.460280397,0.480336059,0.576916022,0.743370013,0.61866802,0.597532968,0.191895648,0.551038439,0.488090394,0.37728988,0.520137135,0.576783557,0.464481823,0.600743325,0.216093045,0.534227352,0.584970033,0.504066787,0.599759927,0.593431167,0.323293664,0.362244548,0.277295083,0.39097924,0.298634447,0.342896735
FAP,0.661820105,0.894277003,0.640043732,0.741832525,0.84019938,0.881033218,0.845078561,0.837249417,0.820479424,0.871925038,0.893543626,0.77095968,0.8293802,0.896970149,0.890733884,0.885996341,0.470813567,0.793998087,0.710026435,0.830845786,0.805079561,0.896697156,0.879836551,0.78334915,0.72623343,0.879400029,0.850121034,0.851454139,0.790381757,0.845366658,0.85635625,0.741526319,0.887746717,0.760408399,0.784140588,0.671863081
HGF,0.354418574,0.689519639,0.335349143,0.438054113,0.549794886,0.55031249,0.482197944,0.46944969,0.417110224,0.786891723,0.500222761,0.582512541,0.439386871,0.417992781,0.670065908,0.598044695,0.131068178,0.536080959,0.496319832,0.227030991,0.409849684,0.639432944,0.549545392,0.379944668,0.458788321,0.253996329,0.43836331,0.659851874,0.51860911,0.566409061,0.219889234,0.710884563,0.606910558,0.246899673,0.304323437,0.404060331
FAS,0.095077626,0.180598208,0.096368587,0.121290458,0.115479981,0.131319528,0.117885722,0.131537932,0.116690924,0.291237847,0.107256612,0.123783885,0.118033582,0.123304164,0.128021346,0.111422218,0.105171914,0.087220054,0.092007283,0.11674247,0.122378701,0.128101034,0.1578619,0.132192487,0.123017695,0.10323906,0.168724581,0.116093764,0.128645364,0.130358268,0.127742813,0.124435397,0.115636848,0.120261397,0.131645808,0.094146014
PC,0.330377021,0.446544279,0.35098214,0.343269599,0.356784592,0.348109556,0.376353389,0.39530863,0.352112956,0.382563198,0.374640873,0.353401529,0.38536545,0.358742796,0.360836804,0.361325011,0.210802329,0.372793944,0.346758065,0.36654754,0.377639547,0.38695227,0.384066837,0.35870543,0.404582795,0.388259443,0.372167692,0.409721953,0.37700193,0.363521447,0.322271296,0.370574064,0.348835995,0.356924486,0.344832622,0.354184758
CD80,0.434693671,0.457037103,0.485279497,0.469805561,0.465695648,0.476531618,0.476483183,0.468203683,0.351199189,0.485131478,0.4688618,0.496296073,0.463382191,0.474676896,0.467457044,0.462764374,0.276298036,0.495700805,0.496283101,0.47573949,0.464923371,0.522253542,0.482926515,0.472274946,0.465731403,0.505962809,0.473505564,0.467281368,0.468344535,0.484123049,0.435959013,0.477978904,0.472848649,0.400771532,0.458083563,0.413587992
IMP3,0.03572364,0.031665204,0.036350075,0.035585241,0.041236482,0.024409409,0.029129368,0.033627821,0.036968499,0.042862917,0.024105969,0.034802045,0.041052453,0.023422749,0.023992838,0.027497323,0.022234564,0.028604613,0.039120394,0.038528134,0.041773725,0.042576275,0.061450184,0.043950285,0.041714576,0.035401155,0.039711736,0.023780123,0.043457255,0.038046945,0.033810064,0.040595706,0.020315691,0.041845845,0.043127832,0.030225094
TACC3,0.112115244,0.174829506,0.11048254,0.102989164,0.138327697,0.134349357,0.13925246,0.135111166,0.097968131,0.1725251,0.136720544,0.12813613,0.145794823,0.079629559,0.119129515,0.135489235,0.06923101,0.145970452,0.118316995,0.152517183,0.135645383,0.172128154,0.159657515,0.167901193,0.087647476,0.159812467,0.148227071,0.146358181,0.123397708,0.105398012,0.112554747,0.089377963,0.140622044,0.120192407,0.125687865,0.117093576
WNT3A,0.128013452,0.295912075,0.183988308,0.096392611,0.193223366,0.168573518,0.209580859,0.28315989,0.127851298,0.455056953,0.099761271,0.289959998,0.320777506,0.382885935,0.461562548,0.300844557,0.035272872,0.167924616,0.552777252,0.130053745,0.453476438,0.110919312,0.400592586,0.242499196,0.090769068,0.255392291,0.328515971,0.297136904,0.325685528,0.174444379,0.148478887,0.282022997,0.299406301,0.092695841,0.130729351,0.167241978
YAP1,0.082714004,0.078424199,0.097013499,0.081015734,0.089064876,0.058302219,0.067081501,0.060526596,0.082481247,0.068866303,0.067708911,0.068033803,0.094278206,0.048881346,0.073075085,0.064644252,0.058309476,0.059124901,0.110073701,0.084114397,0.114175687,0.091885443,0.078171842,0.122965228,0.123612485,0.079191235,0.09148124,0.057440292,0.102959047,0.068216581,0.064382424,0.065618739,0.051103244,0.099176474,0.103093259,0.062251113
